科目,章节,题目,答案
地理,地图三要素,1.地图三要素：_________、_________、_________。,比例尺；图例和注记；方向
地理,地图三要素,2.在地图上判别方向：没有指向标的情况下，面对地图，通常采用“________有指向标的地图根据________来确定方向，指向标的箭头默认指向________方。,上北下南左西右东”；指向标；北
地理,地图三要素,3.在天气________的夜空，才能看见北极星。面对北极星的方向是正北方。,晴朗
地理,地图三要素,4.比例尺=________÷________(换算时，注意单位保持一致),图上距离；实际距离
地理,地图三要素,5.比例尺的三种表示方式：________式、________式、________式。,数字；文字式、线段
地理,地图三要素,"6.图幅相等的情况下，表示的范围越小，比例尺越________内容越________;表示的范围越大，比例尺越________,内容越","大,；详细；小"
地理,地图三要素,7.地图可分为________地图(如地形图、气候图、水文图等)和________地图(如工业图、农业图、人口分布图等)。,自然；社会经济
地理,地图三要素,8.查找国家、城市要选择________图，到陌生地探亲、旅游要选择________图。,政区；交通
地理,地图三要素,9.________具有快速获取地理信息的优点，广泛用于定位、导航、个人出行。,电子地图
地理,地球和地球仪,1.________率船队环球航行以及地球卫星照片等事例，证明地球的形状是,麦哲伦
地理,地球和地球仪,"2.地球是一个两极________,赤道________的不规则________。赤道半径________极半径。",稍扁；略鼓；球体；大于
地理,地球和地球仪,3.地球的平均半径约为________千米，赤道周长约为________千米，表面积约为________千米2。,6371；4万；5.1亿
地理,地球和地球仪,4.________是根据地球的形状，按照一定的比例缩小，制成的地球模型。,地球仪
地理,地球和地球仪,"5.________是指从地球内部穿过________的________,是地球的自转轴，实际上并不存在。",地轴；地心；假想轴
地理,地球和地球仪,6.地轴与地球表面有两个交点，叫________。________是地球的最北端，________是地球的最南端。,两极；北极；南极
地理,地球和地球仪,7.地球仪表面，与________垂直并________的圆圈叫________。纬线中________最长。,地轴；围绕地球一周；纬线圈；赤道
地理,地球和地球仪,8.在地球仪表面，连接________并垂直于纬线的________叫________。经线的长度都________。经度之和为________的两条相对的经线组成一个经线圈。,南北两极；半圆；经线；相等；180
地理,地球和地球仪,9.________是0°纬线。0°经线又叫________线。,赤道；本初子午
地理,地球和地球仪,10.北纬度数值越向_________越大，南纬度数值越向________越大。东经度数值越向________越大，西经度数值越向________越大(”北增北纬，东增东经”)。,北；南；东；西
地理,地球和地球仪,"11.用东西南北的英文首字母大写表示经纬度，字母要写在度数的后面，东经________,西经是________,南纬是________,北纬是________。为高纬度地区。",是E；W1；S；N
地理,地球和地球仪,13.半球分界线：________为南北半球的分界线。________和________组成的经线圈为东西半球的分界线。,赤道；20°W；160°E
地理,地球的运动,"1.地球的运动包括________和________,两者是________进行的。",自转；公转；同时
地理,地球的运动,"2.地球自转是地球绕________不停地旋转，方向是________,周期是_______",地轴；自西向东；24小时
地理,地球的运动,"3.地球公转是地球绕________不停地旋转，方向是________,周期是_______",太阳；自西向东；365天
地理,地球的运动,4.从北极上空观察，地球呈________时针向旋转；从南极上空观察，地球呈________时针方向旋转。,逆；顺
地理,地球的运动,5.地球自转产生的地理现象：昼夜________、日月星辰(包括太阳)的_________、时间差异(________早________晚)等。,交替；东升西落；东；西
地理,地球的运动,6.地球公转产生的地理现象：________冷暖差异、昼夜________变化、_________的形成等。,四季；长短；五带
地理,地球的运动,7.赤道平面与地球公转轨道的平面约成________的固定夹角，使得一年内太阳光线的直射点有规律地在________之间移动。,23.5°；南北回归线
地理,地球的运动,8.五带的划分依据：获得太阳光热的多少、是否有_______、是否有_______现象。,太阳直射；极昼极夜
地理,地球的运动,"9.地球上的五带是________带(________太阳直射现象，终年________),南、北温带(________太阳直射、________极昼极夜，四季分明),南、北寒带(________极昼极夜)。","热带(有太阳直射现象，终年炎热),南、北温带(无太阳直射、无极昼极夜，四季分明),南、北寒带(有极昼极夜)"
地理,地球的运动,10.判断是否有太阳直射现象，要看纬度是否小于或等于________。判断是否有极昼极夜现象，要看纬度是否大于或等于________。,23.5°；66.5°
地理,地球的运动,"11.热带和北温带的分界线是________,热带和南温带的分界线是________,北温带和北寒带的分界线是________,南温带和南寒带的分界线是________。",北回归线；南回归线；北极圈；南极圈
地理,地球的运动,12.按天文划分四季：北半球春季为3、4、5月。夏季为_________月，得到的太阳光热最多。秋季为9、10、11月。冬季为12、1、2月，得到的太阳光热最________南半球的季节与北半球________。,6、7、8；少；相反
地理,地球的运动,"13.北半球的二分日：春分是________前后，秋分是________前后，春秋分日当天，太阳都直射________,全球昼夜________。",3月21日；9月22日；赤道；等长
地理,地球的运动,"14.北半球的二至日：夏至是________前后，太阳直射________,一年中这一天，北半球昼________夜________冬至是________前后，太阳直射________,一年中这一天，北半球昼________夜________。",6月22日；北回归线；长；短；12月23日；南回归线；短；长
地理,地球的运动,15.一年中，太阳有________次直射赤道，分别是二十四节气中的________和________。居住在南北回归线之间的人们，一年中会经历________次太阳直射。,2；春分；秋分；2
地理,地球的运动,"16.在北半球的________(节气)这一天，太阳能直射到最北的纬线是________,即23.5°N。",夏至；北回归线
地理,地球的运动,17.在北半球的________(节气)这一天，太阳直射到的最南的纬线是南回归线，即23.5°S。,冬至
地理,地球的运动,"18.一年中，北半球白昼最长的这一天是________,白昼最短的这一天是________,全球昼夜等长的是这两天是________和________。",夏至；冬至；春分；秋分
地理,地球的运动,"19.北半球(除热带外)一年中影子最长的一天是________,影子最短是________。",冬至日；夏至日
地理,地球的运动,20.一天中，________(12点)太阳高度角最大，有的地方太阳直射，能达到90度。,正午
地理,地球的运动,21.在________上可能实现“坐地日行八万里”。,赤道
地理,世界的海陆分布,1.人们常用的“________分海洋，________分陆地”来概括海陆面积的比例。,7；3
地理,世界的海陆分布,2.无论哪个半球，都是海洋面积________陆地面积；陆地相对集中在________半球和________半球。,大于；东；北
地理,世界的海陆分布,3.全球共六块大陆，其中，________大陆面积最大，________大陆面积最小。,亚欧；澳大利亚
地理,世界的海陆分布,4.________岛是世界面积最大的岛屿，________半岛是世界面积最大的半岛。,格陵兰；阿拉伯
地理,世界的海陆分布,5.山地海拔在________米以上，坡度较陡；丘陵的海拔在________米和________米之间，地面崎岖不平。,500；200
地理,世界的海陆分布,6.高原海拔在________米以上，中间起伏小，边缘陡峭；平原海拔在________米以下。,500；200
地理,世界的海陆分布,7._________的海拔无固定标准，指中间低、四周高的地形。,盆地
地理,世界的海陆分布,8.世界面积最大的盆地是________盆地，最大的平原是________平原，最大的高原是________高原。,刚果；亚马孙；巴西
地理,世界的海陆分布,9.世界最长的山脉是________山脉，最长的山系是________山系，最高的高原是________高原。,安第斯；科迪勒拉；青藏
地理,世界的海陆分布,10._________是陆地向海洋的自然延伸部分，水深一般在________米以内，适合发展渔场和开采石油。,大陆架；200
地理,世界的海陆分布,11.海沟是海洋底部最深的地方，世界最深的海沟是位于太平洋的________海沟。,马里亚纳
地理,七大洲和四大洋,1.七大洲面积最大的洲是________洲，面积最小的洲是________洲。(亚非北南美，南极欧大洋),亚；大洋
地理,七大洲和四大洋,2.赤道穿过的大洲是________洲、________洲、________洲、________洲。,亚；非洲、南美；大洋
地理,七大洲和四大洋,3.全部位于北半球的大洲是________洲、________洲；全部位于南半球的大洲是________洲。,欧；北美；南极
地理,七大洲和四大洋,4.亚洲与非洲的分界线是________运河。,苏伊士
地理,七大洲和四大洋,5.亚洲与北美洲的分界线是________海峡。,白令
地理,七大洲和四大洋,6.亚洲与欧洲的分界线是________山脉、________河、_________山脉________、________海峡。,乌拉尔；乌拉尔；大高加索；土耳其
地理,七大洲和四大洋,7.非洲与欧洲的分界线是________海峡、________海。,直布罗陀；地中
地理,七大洲和四大洋,8.北美洲与南美洲的分界线是_________运河。,巴拿马
地理,七大洲和四大洋,9.南美洲与南极洲的分界线是________海峡。,德雷克
地理,七大洲和四大洋,10.四大洋按面积大小顺序排列是：________洋、_________洋、__________洋、________洋。,太平；大西洋、印度洋、北冰
地理,七大洲和四大洋,11.全部位于北半球的大洋是________。,北冰洋
地理,七大洲和四大洋,"12.苏伊士运河分开了________洲和________洲，位于________(国家名称),沟通了________海和________海，或沟通了________和________。",亚；非；埃及；红；地中；印度洋；大西洋
地理,七大洲和四大洋,13.巴拿马运河分开了________洲和________洲，位于中美地峡的国家巴拿马，沟通了________洋和___洋。,北美；南美；大西；太平
地理,七大洲和四大洋,"14.跨经度最广的大洲是________,跨纬度最广的大洲是________。",南极洲；亚洲
地理,七大洲和四大洋,15.跨经度最广的大洋是_________。,北冰洋
地理,地形与等高线图,1.海拔是地面某一个地点高出________的垂直距离。,海平面
地理,地形与等高线图,2.________是地面某个地点高出另一个地点的垂直距离。,相对高度
地理,地形与等高线图,3.等高线是在地图上把________相等的点连接而成的闭合的曲线。,海拔
地理,地形与等高线图,4.同一条等高线上的海拔处处________。,相等
地理,地形与等高线图,5.同一幅等高线图上，相邻两条等高线的高度差相等，称为________。,等高距
地理,地形与等高线图,"6.山顶等高线，中心海拔________,四周海拔________。",高；低
地理,地形与等高线图,"7.盆地等高线，中心海拔________,四周海拔________。",低；高
地理,地形与等高线图,8.________是位于两个山顶之间的海拔相对较低的部位。,鞍部
地理,地形与等高线图,9.________是等高线向海拔低处凸出的部位。(“凸高为谷，凸低为脊”),山脊
地理,地形与等高线图,10.________是等高线向海拔高处凸出的部位，是河流的发源地。,山谷
地理,地形与等高线图,11.________是等高线重叠处，适合开展________等极限运动，可能存在_______,陡崖；攀岩、蹦极、滑翔；瀑布
地理,地形与等高线图,"12.等高线越________坡度越陡；等高线越________,坡度越缓。",密集；稀疏
地理,地形与等高线图,13.在山地修路时，尽量选择与等高线平行，坡度和缓的地方，即等高线________的地方。,稀疏
地理,地形与等高线图,"14.分层设色地形图上，绿色表示________,黄色表示________,褐色表示________,白色表示冰雪，蓝色表示海洋。",平原；丘陵、高原；高山
地理,海陆变迁和板块运动,1.沧海桑田说明了海洋和陆地一直处于________之中。,运动变化
地理,海陆变迁和板块运动,2.大陆漂移假说是德国科学家________提出的。,魏格纳
地理,海陆变迁和板块运动,3.板块构造学说认为，地球________是由板块拼合而成的。全球主要有________大板块，即________板块、非洲板块、________板块、________板块、美洲板块、南极洲板块。,岩石圈；6；亚欧；太平洋；印度洋
地理,海陆变迁和板块运动,4.________板块里几乎都是海洋。,太平洋
地理,海陆变迁和板块运动,5.________半岛、________半岛和________位于印度洋板块。,阿拉伯半岛、印度；大洋洲
地理,海陆变迁和板块运动,"6.一般来说，板块的内部，地壳比较________,板块与板块交界的地带，有的地方张裂________,发生在海洋上，海洋的面积会________(扩大/缩小),发生在陆地上会形成裂谷。有的地方碰撞________,发生在海洋上，海洋的面积会________,发生在陆地上山脉会________(抬升/下沉)。",稳定；拉伸；扩大；挤压；缩小；抬升
地理,海陆变迁和板块运动,7.运用板块构造学说预测：位于海洋的碰撞挤压处，________的面积会缩小，________的面积会扩大。喜马拉雅山脉会继续________。,地中海、太平洋；红海大西洋；升高
地理,海陆变迁和板块运动,8.板块与板块交界的地带多火山地震，世界两大火山地震带：________火山地震带和阿尔卑斯—________火山地震带。,环太平洋；喜马拉雅
地理,海陆变迁和板块运动,"9.世界上火山最多的国家________是________,位于________的交界处。",印度尼西亚；亚欧板块、印度洋板块、太平洋板块
地理,世界的居民,1.截止2022年11月底，世界人口突破________亿。,80
地理,世界的居民,2.出生率=新出生增加的人口÷________,总人口数
地理,世界的居民,3.________=人口出生率一人口死亡率。,自然增长率
地理,世界的居民,4.________=总人口÷总面积。,人口密度
地理,世界的居民,5.一般来说，经济发展水平高的国家，人口的自然增长速度较________;经济发展水平低的国家，人口的自然增长速度较_______,慢；快
地理,世界的居民,"6.人口最多的大洲是________,年人口增加数量最多的大洲是________洲",亚洲；亚
地理,世界的居民,7.人口自然增长率最高的大洲是________洲，人口自然增长率最低的大洲是________洲(南极洲除外)。,非州；欧州
地理,世界的居民,8.亚洲________部和________部、欧洲________部、美洲________部等地区，人口稠密。,东；南；西；北
地理,世界的居民,9.干旱的荒漠、寒冷的极地、空气稀薄的高山高原、原始的热带雨林等地区，人口________。,稀少
地理,世界的居民,10.人口增长过多过快，会造成粮食________、毁林开荒、生态恶化、________、________等问题，解决措施是________。,短缺；住房紧张；交通拥挤；控制人口数量
地理,世界的居民,11.人口增长过慢，会造成人口________化、劳动力________、国防兵源不足、社会养老负担重等问题，解决措施是________、接纳移民、延迟退休等。,老龄；不足；鼓励生育
地理,世界的居民,12.人口的增长应与________相协调，与社会经济发展相适应。,资源环境
地理,世界的人种、语言和宗教,1.黄色人种主要分布在亚洲________部。美洲________人和北冰洋沿岸的________人也属于黄色人种。,东；印第安；因纽特
地理,世界的人种、语言和宗教,2.白色人种主要分布在________州、北美洲、非洲________部、亚洲________部和________部、大洋洲。,欧；北；西；南
地理,世界的人种、语言和宗教,3.美国和加拿大是移民国家，以________人种为主。,白色
地理,世界的人种、语言和宗教,"4.南美洲被称为“________”,以________人种为主。",世界人种的大熔炉；混血
地理,世界的人种、语言和宗教,5.位于北非的埃及属于________色人种，南亚的印度属于________色人种。________人种主要分布撒哈拉沙漠以南的非洲，被称为黑色人种的故乡。,白；白；黑色
地理,世界的人种、语言和宗教,6.联合国的六种工作语言是________语、________语、________语、__________语、________7.世界上使用人数最多的语言是________语，流传最广的语言是________语。,汉语、英语、法语、俄语、西班牙；阿拉伯
地理,世界的人种、语言和宗教,"8.世界上信徒最多、流传最广的宗教是________教，发源于________地区，经典为《________》,主要分布在_______、北美洲和大洋洲。",基督；巴勒斯坦；圣经；欧洲
地理,世界的人种、语言和宗教,"9.伊斯兰教发源于西亚的沙特阿拉伯，经典为《古兰经》,伊斯兰教的教徒被称为________,主要分布在亚洲________部和东南部、非洲________部和东部。",穆斯林；西；北
地理,世界的人种、语言和宗教,"10.佛教发源于________,主要分布在________和________亚、南亚的________。",古印度；东亚；东南；斯里兰卡
地理,世界的人种、语言和宗教,11.基督教、伊斯兰教、佛教，这三大宗教都发源于________洲，发源时间最早的是________。记住三大宗教的宗教建筑的图片,亚；佛教
地理,世界的聚落,1.人们集中地居住在一起，就形成了________。聚落的主要形式包括________和________。,聚落；城市；乡村
地理,世界的聚落,2.城市是________达到一定规模，主要从事________活动的居民聚居地。,人口数量；非农业产业
地理,世界的聚落,3.乡村民居大多数沿________、________或________分布。,河流；山麓；公路
地理,世界的聚落,"4.在河流支流与干流的________,或者河流的________,往往形成比较大的城市。",汇合处；入海口
地理,世界的聚落,5.地势________、水源________、气候________、土________壤________、资源________的地区，________有利于聚落的形成和发,低平；充足；适宜；肥沃；丰富、交通便利
地理,世界的聚落,"6.寒冷地区的民居：墙________窗________,屋顶________有利于排雪。",厚；小；高耸
地理,世界的聚落,"7.沙漠地区的民居：墙________窗________,利于隔热，屋顶多为________顶。",厚；小；平
地理,世界的聚落,"8.湿热地区的民居：墙________窗________,利于通风散热，屋顶多为________顶。",薄；大；斜
地理,世界的聚落,9.城市在发展的过程中可能出现的城市问题有：________，________，________等。,交通拥挤、住房紧张、环境污染
地理,天气和气候,1.天气是指某个地方距离地表较近的大气层在________时段内的具体状态，天气重要特征是________,短；多变
地理,天气和气候,2.气候是指一个地方________的天气平均状况，气候具有相对的________,多年；稳定性
地理,天气和气候,3.在卫星云图上，________色表示陆地，________色表示海洋，________色表示云区。,绿；蓝；白
地理,天气和气候,"4.空气污染指数反映空气被污染的程度，指数越________,空气污染越严重。",大
地理,天气和气候,5.影响气候的因素有：地球的形状(________位置)、海陆位置、地形地势、人类活动等。6.记住七年级上册的常见天气符号。,纬度
地理,气温和降水,1.________和________是气候的重要因素。,气温；降水
地理,气温和降水,2.一天中的最高气温与最低气温的差叫气温________,日较差
地理,气温和降水,3.一年中最高月均温与最低月均温的差叫气温年较差。在五带中，气温年较差最小的是________带。,热
地理,气温和降水,4.气温由低纬向高纬逐渐________。,递减
地理,气温和降水,5.同一纬度高山、高原的气温________平原的气温________。海拔每升高100米，气温约下降________℃。,低；高；0.6
地理,气温和降水,6.降水的主要类型有________雨、________雨、________雨。,对流；地形雨、锋面
地理,气温和降水,"7.赤道地区降水________,两极地区降水________。",多；少
地理,气温和降水,"8.南北回归线附近，大陆东岸(季风气候)降水________,大陆西岸和内陆地区降水",多
地理,气温和降水,"9.中纬度地区，沿海降水________,内陆降水________。",多；少
地理,气温和降水,"10.山地迎风坡降水________,背风坡降水________。",多；少
地理,气温和降水,11.人工造林、修建水库等，使当地气候有所________;乱砍滥伐等，使当地气候________。,改善；恶化
地理,气温和降水,12.________等温室气体急剧增加，导致全球变暖、冰川________、海平面________、旱涝灾,二氧化碳；融化；上升
地理,气温和降水,13.若某地最高月均温出现在7、8月，则该地位于________半球；若某地最高月均温出现在1、2月，则该地位于________半球。,北；南
地理,世界的气候类型,1.气候分布规律口诀：东季西海________，热林草沙___纬度。,东季西海中大陆；热林草沙低纬度
地理,世界的气候类型,2.热带雨林气候主要分布在________附近，全年,赤道
地理,世界的气候类型,"3.热带草原气候主要分布在________气候的南北两侧，全年________,分两季。",热带雨林；高温
地理,世界的气候类型,"4.热带季风气候主要分布在________半岛和________半岛，全年________,有明显的________和",印度；中南；高温；季
地理,世界的气候类型,5.热带沙漠气候主要分布在________线经过的内陆地区和大陆________岸地区，全年,南北回归；西
地理,世界的气候类型,6.亚热带季风和亚热带湿润气候主要分布在亚热带的大陆________岸地区，夏季________冬季,东；高温多雨
地理,世界的气候类型,"7.地中海气候主要分布在南北纬_________的大陆________岸，夏季________,冬季",30~40；西；炎热干燥
地理,世界的气候类型,8.温带季风气候主要分布在________大陆温带地区的东部，夏季,温带
地理,世界的气候类型,9.温带海洋性气候主要分布在中纬地区的大陆________岸，冬暖夏凉，全年降水________。,西；均匀
地理,世界的气候类型,10.温带大陆性气候主要分布在________大陆和北美洲内部，冬冷夏热，降水较________。,亚欧；少
地理,世界的气候类型,11.高山高原气候区，山地随着海拔的升高，自然景观的________变化显著。,垂直
地理,世界的气候类型,12.最冷月均温高于15℃→________带气候类型。,热
地理,世界的气候类型,13.最冷月均温为0℃~15℃→________带气候类型(包括地中海气候)或________气候。,亚热；温带海洋性
地理,世界的气候类型,"14.最冷月温低于0℃,最热月均温高于10℃→温带________气候。",大陆性
地理,世界上的国家和组织,"1.世界面积最大的国家是________面积第二大是________,面积第三大是________,面积第四大是________,面积第五大是________,面积最小的国家是________;",俄罗斯；加拿大；中国；美国；巴西；梵蒂冈；
地理,世界上的国家和组织,"世界人口最多的国家是________,其次是________。",印度；中国
地理,世界上的国家和组织,2.埃及是跨________州和________洲的非洲国家。,非州；亚州
地理,世界上的国家和组织,3.俄罗斯地跨________洲和________州，国际默认为是________洲国家。,亚；欧；欧
地理,世界上的国家和组织,4.________的高低是划分发达国家和发展中国家的依据。,经济水平发展
地理,世界上的国家和组织,5.发达国家主要分布在________洲、________洲、________洲，大多分布在________半球。,北美；欧；大洋；北
地理,世界上的国家和组织,"6.发展中国家主要分布在________洲、________洲、拉丁美洲(美国以南的美洲),大多分布在北半球的________部和________半球。",非；亚州；南；南
地理,世界上的国家和组织,"7.发展中国家与发达国家之间的商谈称为“________”,发展中国家之间的互助合作称为________。",南北对话；南南合作
地理,世界上的国家和组织,"8.资金、技术、人才、信息在全球范围内分配，产品生产的分工和协作显著,表明________化趋势越来越强。",经济全球
地理,世界上的国家和组织,"9.世界贸易组织(________),总部设在________,宗旨是促进世界经济发展和贸易公平，________12月1日中国正式加入世界贸易组织。",WTO；瑞士日内瓦；2001年
地理,世界上的国家和组织,"10.欧洲联盟(EU),________欧盟成员国使用统一的货币________,总部设在________________",欧元；比利时布鲁塞尔
地理,世界上的国家和组织,"11.联合国(UN)________是世界上规模________,最有影响力的全球性国际组织，总部设在________,职能是维护国际和平和安全。",最大；美国纽约
地理,亚洲,1.________穿过亚洲北部，________穿过亚洲南部，赤道穿过________群岛，,北极圈；北回归线；马来；
地理,亚洲,亚洲地跨________带、________带、________带，是跨纬度最广的大洲(跨经度最广的是________洲)。,热；(北)温；寒；南极
地理,亚洲,2.亚洲东临________洋，北临________洋，南临________洋，西接________洲。,太平；北冰；印度；欧
地理,亚洲,"3.亚洲平均海拔________,仅次于________,地面起伏________,",高；南极洲；大；
地理,亚洲,亚洲地形以________、________为主，地势________高________低。,高原；山地；中部；四周
地理,亚洲,4.亚洲地域面积广大，________性特征显著。亚洲东部濒频临海洋面积最大的太平洋，海陆差异明显，亚洲东部和南部________气候典型。,大陆；季风
地理,亚洲,5.亚洲气候复杂多样，除__________外，其他气候都有分布。,温带海洋性气候
地理,亚洲,6.亚洲河流受地势影响，从中部向四周呈________状分布；内流流域面积广大。,放射
地理,亚洲,"7.亚洲最长、世界第三长的河流是________,亚洲流经国家最多的河流是________河，在中国境内称________。",长江；湄公；澜沧江
地理,亚洲,8.世界最深的淡水湖是________;世界面积最大的咸水湖是________。世界陆地的最低处、含盐度很高的咸水湖是________;湖水一半咸一半淡的湖泊是________。,贝加尔湖；里海；死海；巴尔喀什湖
地理,亚洲,9.地方时是根据________在天空中的位置来确定时间，太阳位置最高的时刻为当地的________点，日出是________点，日落是________点，因为地球在不停的自转，每一条经线上的地方时都不同。,太阳；12；6；18
地理,亚洲,"10.全球分为________个时区，经度每跨越________,时间相差________小时，",24；15°；1；
地理,亚洲,"因为地球自转是自西向东，永远是________的时间早于________的时间，________,简称东早西晚。",东经度；西经度；东经度度数越大，时间越早
地理,亚洲,11.有的国家地域面积广大，跨多个时区，为了避免时间混乱，国家内统一规定使用________所在的时区的时间。,首都
地理,亚洲,12.国际日期变更线大部分与________经线重合，向东跨越国际日期变更线，日期要________1天。,180°；减去
地理,欧洲,1.欧洲地跨________带和________带，没有________分布。,温；寒；热带
地理,欧洲,2.欧洲北临________洋，西临________洋，南临________海，东接________洲。,北冰；大西；地中；亚
地理,欧洲,3.欧洲是世界平均海拔最________的大洲，地面起伏不大，地形以________为主，地势南北高、中间低。,低；平原
地理,欧洲,4.欧洲________地貌广布(如挪威的峡湾、芬兰的湖泊、阿尔卑斯山的峰峦等)。,冰川
地理,欧洲,"5.欧洲以________带气候类型为主，________性特征显著,________气候和________气候最为典型。",温；海洋；地中海气候；温带海洋性
地理,欧洲,"6.欧洲河网密集，地势低平，水流________。温带海洋性气候，全年降水均匀，水量丰富，季节变化________,河流________。所以河流航运价值________。",缓慢；小；不结冰；高
地理,欧洲,7.________河是欧洲最长的内流河，也是世界最长的内流河，注人________海。,伏尔加；里
地理,欧洲,8.________河是欧洲也是世界流经国家最多的河流，注入________。,多瑙；黑海
地理,欧洲,9.莱茵河主要流经________国，注入________。,德；北海
地理,欧洲,"10.欧洲大多数是________,是世界上人口自然增长率________的大洲，人口密度________,人口________化现象严重。",发达国家；最低；大；老龄化
地理,非洲,1.非洲地跨赤道南北，主要位于___________之间，大部分位于________带。,南北回归线；热
地理,非洲,2.非洲东临________洋，西临________洋。,印度；大西
地理,非洲,3.非洲东北隔________运河与________洲邻，北隔________海及________与________洲相望。,苏伊士；亚州；地中；直布罗陀海峡；欧州
地理,非洲,4.非洲地形以________为主，有“_________”之称；地势__________高，________低。,高原；高原大陆；东南；西北
地理,非洲,"5.世界陆地最大的断裂带：________,是由板块_________形成的。",东非大裂谷；张裂拉伸
地理,非洲,"7.非洲最高峰：________,号称非洲屋脊。",乞力马扎罗山
地理,非洲,8.世界最大的盆地：________。世界最大的沙漠：________,刚果盆地；撒哈拉沙漠
地理,非洲,9.非洲有“________“之称，是世界年平均气温最高的大洲。,热带大陆”
地理,非洲,10.非洲的降水地区分布很不均衡，________区面积世界最大。,干旱
地理,非洲,11.非洲的气候类型大致以________分布。,赤道为中心，呈南北对称
地理,非洲,"12.________河是世界最长的河流，主要流经________气候区和________气候区，水量季节变化________,________流入地中海",尼罗；热带沙漠；热带草原；大，自南向北流
地理,非洲,"13.________河是非洲水量最大的河流，主要流经________气候区，________,河流水量季节变化________。",刚果；热带雨林；自东向西注入几内亚湾；小
地理,非洲,14.非洲物产丰饶，有“________”之称；矿产资源丰富，________等储量和产量都居世界前列。,富饶大陆；金刚石、黄金
地理,非洲,15.第二次世界大战前，非洲只有3个独立国家：________、埃塞俄比亚、利比里亚。,埃及
地理,非洲,17.非洲的________的面积在各大洲中最大，热带草原气候分为干湿两季，草原上动物，比如________迁徙。,热带草原；斑马、长颈鹿、非洲象等会追逐水源
地理,北美洲,1.北美洲西临________洋，东临________洋，北临________洋。,太平；大西；北冰
地理,北美洲,2.北美洲西北隔________海峡与________州相望，南以________运河与南美洲为界。,白令；亚；巴拿马
地理,北美洲,3.拉丁美洲指________以南的美洲地区。,美国
地理,北美洲,4.拉丁美洲包括墨西哥高原、________地峡(中美洲)、________、________,中美；西印度群岛；南美洲。
地理,北美洲,5.________的洲界线、_________的国界线、都穿越的白令海峡。,亚洲和北美洲；美国和俄罗斯；180°经线
地理,北美洲,"6.北美洲的地形分为三大南北纵列带：西部是高大的________山系，中部是广阔的________,东部是低缓的________山脉和________高原。",科迪勒拉；大平原；阿巴拉契亚；拉布拉多
地理,北美洲,7.密西西比河发源于________山脉，自北向南注入________湾，主要流经美国，是世界第________长河。,落基；墨西哥；四
地理,北美洲,8.五大湖由________作用形成，其中的________湖是世界最大的淡水湖。,冰川；苏必利尔
地理,北美洲,9.北美洲西部的山脉多为南北走向，阻挡了来自________洋的湿润空气深入大陆内部，使________气候呈南北狭长状分布于西部沿海地区。,太平；温带海洋性
地理,北美洲,"10.北美洲地跨寒、温、热三带，大部分位于________,气候类型复杂多样，以________气候为主。",北温带；温带大陆性
地理,北美洲,11.北美洲中部是广阔的平原，平坦开阔，冬季从________洋南下的冷空气和夏季从________湾北上的暖空气都可长驱直入。,北冰；墨西哥
地理,北美洲,12.北美洲以欧洲________色人种的后裔为主，原住居民绝大部分是________人。,白；印第安
地理,北美洲,13.北美洲的石油主要分布在________沿岸。,墨西哥湾
地理,北美洲,14.北美洲包括的主要国家有：________、________、________。,加拿大、美国、墨西哥
地理,南美洲,1.南美洲主要位于________半球、________半球。,南；西
地理,南美洲,2.南美洲西临________洋，东临________洋，北以________运河与北美洲为界。,太平；大西；巴拿马
地理,南美洲,3.南美洲________带范围广阔，以________气候和_________气候为主，没有________带，是世界最_________的大洲。,热；热带雨林；热带草原；寒；湿润
地理,南美洲,4.亚马孙河发源于________山脉，自西向东注入________洋，主要流经巴西，是世界第________长河，也是世界________、________的河流。,安第斯；大西；二；流量最大流域面积最广
地理,南美洲,5.南美洲的地形格局：西部为高大的________山脉，东部________相间分布。,安第斯；平原与高原
地理,南美洲,6.________平原是世界最大的平原，________高原是世界最大的高原。,亚马逊；巴西
地理,南美洲,7.南美洲________人种所占比重大，号称“_________”。,混血；世界人种大熔炉
地理,南美洲,8.美洲经济发展很不平衡，________和________是发达国家，其余国家则属于________,美国；加拿大；发展中国家
地理,南美洲,9.南美洲的农矿产品是其主要的出口商品，________是南美洲工农业最发达的国家。,巴西
地理,南美洲,10.南美洲的农业以________作物为主，大量出产_。,热带经济；咖啡、可可、香蕉
地理,东南亚,1.东南亚位于亚洲的________部，地处_________洲与大洋洲、________洋与________洋的“十字路口”。,东南；亚；印度；太平
地理,东南亚,2.东南亚包括________以及_________的大部分。,马来群岛；中南半岛
地理,东南亚,3.________是东南亚唯一的内陆国。,老挝
地理,东南亚,4._________是东南亚面积最大、人口最多的国家，也是世界最大的群岛国家和火山最多的国家。,印度尼西亚
地理,东南亚,5.印度尼西亚位于________板块、________板块、________板块的交界处，________、________活动频繁，有“_________”之称。,亚欧；印度洋板块、太平洋；地震；火山；“火山国”
地理,东南亚,6.火山灰污染空气质量，降低能见度，危害交通安全，但对土壤来说，是很好的_______。,肥料
地理,东南亚,7.中南半岛的地势大致________高________低，地形特点为________________________。,北；南；山河相间，纵列分布
地理,东南亚,"8.中南半岛以________气候为主，终年高温，一年分________两季。6-10月盛行________降水较多为雨季，11月到次年5月盛行________,降水较少为旱季。",热带季风；旱雨；西南风；东北风
地理,东南亚,9.马来群岛以_________气候为主，气候特点是___________________________。,热带雨林；终年高温多雨
地理,东南亚,10.中南半岛下游冲积平原、_________三角洲以及沿海地带农业发达，人口稠密，城市密集。,湄公河
地理,东南亚,11.马六甲海峡位于________岛和________岛之间，是沟通________洋与________洋的天然水道，被日本称为“________”,马来半；苏门答腊；印度；太平；海上生命线
地理,东南亚,12.有花园城市之称的东南亚热带城市岛国是________。,新加坡
地理,东南亚,13.东南亚是________、油棕、椰子、蕉麻等热带经济作物的最大产地。,橡胶
地理,东南亚,"14.东南亚的粮食作物主要是________,矿产资源以________、天然气和________为主。",水稻；石油；锡矿
地理,东南亚,15.东南亚是世界上海外________和________最集中的地区。,华人；华侨
地理,东南亚,16.世界上最大的群岛是________。,马来群岛
地理,南亚,1.南亚的纬度位置：位于10°N~30°N之间，________穿过南亚的中部。,北回归线
地理,南亚,2.南亚的海陆位置：位于亚洲南部________山脉与________洋之间，东临________湾，西临________海。,喜马拉雅；印度；孟加拉；阿拉伯
地理,南亚,3.南亚各国都是________国家，面积最大、人口最多、经济发展最快的国家是________。,发展中；印度
地理,南亚,4.南亚的地形分为三大地形区，北部是________山地，中部是________平原、_________________平原，南部是________高原。,喜马拉雅；印度河；恒河；德干
地理,南亚,"5.印度河主要流经________,注入________海。",巴基斯坦；阿拉伯
地理,南亚,"6.恒河主要流经________,注入________湾。",印度；孟加拉
地理,南亚,7.南亚以________气候为主，全年高温，一年可分为________季、________季、________季三季。,热带季风；热；雨；凉
地理,南亚,8.夏季风给南亚的农业生产带来主要水源，但夏季风的强弱和进退的时间都不稳定，夏季风强且来的早退的晚容易发生________灾害，夏季风弱且来的迟退的早容易发生________灾害。,洪涝；干旱
地理,南亚,9.南亚的粮食作物以________为主，经济作物以________为主。,水稻；茶叶
地理,南亚,10.南亚是________教和________教的发源地。,佛；印度
地理,南亚,"11.南亚额印度和尼泊尔主要信仰________教，斯里兰卡和不丹信仰________,其他国家信仰伊斯兰教。",印度；佛教
地理,南亚,12.“世界七大奇迹”之一的泰姬陵位于________。,印度
地理,南亚,13.南亚人口过亿的国家有：________、________、________,印度、巴基斯坦、孟加拉国
地理,南亚,14.________在恒河下游地区种植面积最广，________主要分布于德干高原西部地区。,黄麻；棉花
地理,西亚,"1.西亚位于“两洋三洲五海之地”,地理位置十分重要，“两洋”指________洋、________洋，“三洲”指________洲、________洲、________洲，",大西；印度；亚；非；欧
地理,西亚,西亚位于“两洋三洲五海之地”，濒临的“五海”指________海、________海、黑海、________海、__________海(世界最大的________)。,红；地中；阿拉伯；里；咸水湖
地理,西亚,2.亚洲和欧洲的分界线________海峡，是________海到________海的唯一出口。,土耳其；黑；地中
地理,西亚,3.西亚的地形以________为主，农业主要分布在________平原(两河平原)处。,高原；美索不达米亚
地理,西亚,4.西亚大部分地区属于________气候，气候特点是________。,热带沙漠；全年炎热干燥
地理,西亚,5.________业是西亚许多国家主要的经济部门。,畜牧
地理,西亚,6.________的节水农业相当发达。________树是西亚绿洲农业的代表植物。,以色列；枣椰
地理,西亚,7.西亚是世界________储量最为丰富、产量和输出量最多的地区，该资源主要分布在_及其沿岸地区。,石油；波斯湾
地理,西亚,8.西亚主要的产油国有________、伊朗、科威特、________等，开采的石油主要输往西欧以及________、日本等国家。,沙特阿拉伯；伊拉克；美国
地理,西亚,9.西亚石油西运路线1:波斯湾→________海峡→印度洋→红海→________运河→地中海→________海峡→大西洋→西欧、美国等。,霍尔木兹；苏伊士；直布罗陀
地理,西亚,10.西亚石油西运路线2:波斯湾→________海峡→印度洋→非洲________→大西洋→西欧、美国等。,霍尔木兹；好望角
地理,西亚,11.西亚石油东运路线：波斯湾→________海峡→印度洋→________海峡→太平洋→日本、中国等。,霍尔木兹；马六甲
地理,西亚,12.西亚的居民主要是________人，属于________人种，通用_________语，多信仰________教。,阿拉伯；白；伊斯兰
地理,西亚,13.西亚是________教、________教、________教的发源地，被奉为这三教的圣城的是________。,伊斯兰；基督；犹太；耶路撒冷
地理,西亚,14.欧佩克(OPEC)是________国组织。,石油输出
地理,欧洲西部,1.欧洲西部指欧洲的西半部，国家大多数属于________国家。,发达
地理,欧洲西部,"2.由欧洲共同体发展而来的“________”,总部设在________,是国际上强大的经济、政治实体，通用货币为________。",欧盟；比利时布鲁塞尔；欧元
地理,欧洲西部,"3.德国是工业大国，首都是________,有著名的_",柏林；慕尼黑啤酒节
地理,欧洲西部,"4.________是工业大国，首都位于________,有“千年古都”罗马(竞技场)，________、________、________。",意大利；罗马；“水城”威尼斯庞贝古城、.比萨斜塔。
地理,欧洲西部,"5.法国工农业均发达，首都位于_________,有“艺术之都”________、________、________凯旋门、________。",巴黎；巴黎、埃菲尔铁塔、巴黎圣母院、罗浮宫
地理,欧洲西部,"6.英国工农业均发达，首都位于________,有________、________、________、________。",伦敦；大本钟、白金汉宫、伦敦塔、马克思墓
地理,欧洲西部,7.________花卉种植业发达，以郁金香、风车闻名。,荷兰
地理,欧洲西部,8.________畜牧业发达，有“欧洲的牧场和食品库”之称。,丹麦
地理,欧洲西部,9.________主要生产钟表和精密仪器，有“钟表王国”之称，以_________、“世界表都”伯尔尼闻名。,瑞士；阿尔卑斯山滑雪
地理,欧洲西部,10.挪威的________发达，以____________风光、_________闻名。,海洋渔业；峡湾；午夜太阳、极光
地理,欧洲西部,11.西班牙位于地中海沿岸，旅游业发达，有阳光灿烂的海滩和________。,斗牛
地理,欧洲西部,12.奥地利的_________有“音乐之都”之称。,维也纳
地理,两极地区,1.北极地区以海洋(________洋)为主，四周被________洲________洲、________洲环绕。,北冰；亚；欧；北美
地理,两极地区,2.南极地区以陆地(________洲)为主，四周被________洋、________洋、________洋环绕。,南极；太平；大西；印度
地理,两极地区,"3.两极地地区的共同气候特征是________,多________,________稀少。",酷寒；狂风，降水
地理,两极地区,4.南极地区因以陆地为主，且海拔高，所以气温比北极地区更________。,低
地理,两极地区,5.两极地区的矿产资源主要有________、天然气、煤、铁等。淡水资源主要以________的形式存在。,石油；冰川
地理,两极地区,6.北极地区的原住居民主要是________人，南极地区没有定居人口。,因纽特
地理,两极地区,"7.北极地区的代表动物是________,南极地区的代表动物是________。",北极熊；企鹅
地理,两极地区,8.北极地区的最佳科考时间是6月到9月，中国的北极科考站是________站。,黄河
地理,两极地区,"9.南极地区的最佳科考时间是________份(春节前后),因为此时是南极地区的________季，且昼长夜短。",2月；夏
地理,两极地区,10.中国的南极________站是海拔最高的科学考察站。,地形以山地、.丘陵为主，富士山
地理,两极地区,11.以北极地区为中心的地图，_______针方向为东；以南极地区为中心的地图，_______方向为东。,逆时；顺时。
地理,日本,1.日本的领土由北海道九州四国、本州四个大岛以及附近一些小岛组成，面积最大的是本州岛。,北海道九州四国；本州岛
地理,日本,2.日本的地形以_______、_______为主，_______是日本最高的山峰和活火山，_______平原是日本最大的平原。,山地；丘陵；富士山；关东
地理,日本,3.日本位于_______火山地震带上，火山、地震活动频繁。,环太平洋
地理,日本,4.日本以_______季风气候为主，_______性特征明显，夏秋时节多_______。,温带；温带；台风
地理,日本,5.日本发展经济的有利条件：人力资源优势、_______便利、科技发达、管理经验先进等。,航运
地理,日本,6.日本发展经济的不利条件：_______贫乏、国内市场狭小等。,资源
地理,日本,7.日本主要工业区大多分布于_______和_______沿岸，原因是____________________________。,太平洋；濑户内海；有便捷的交通，有利于原料的进口和成品的出口
地理,日本,8.日本的首都位于_______，日本东西方文化兼容，居民绝大部分为_______族，穿_______，通用_______语。,东京；大和；和服；日
地理,日本,9.日本海岸线曲折，多优良_______，著名的海港有东京、名古屋、神户、大阪。,港湾
地理,埃及,1.埃及地跨________和________两大洲，位于非洲东北部。,亚；非
地理,埃及,2.除了非洲东北部地区，埃及的领土还包括________运河以东、亚洲西南端的________半岛。,苏伊士；西奈
地理,埃及,3.埃及的首都________是阿拉伯国家中人口最多的城市，也是非洲最大的城市和世界历史文化名城。,开罗
地理,埃及,4.埃及的居民90%以上是________人，多信奉________教，通用________语。,阿拉伯；伊斯兰；阿拉伯
地理,埃及,5.埃及大部分地区属________气候，北部地中海沿岸属________气候。,热带沙漠；地中海
地理,埃及,"6.世界第一长河________河是埃及的“生命之河”,下游的河谷平原和入海处形成的________,是埃及最富庶、人口最集中的地区。",尼罗；尼罗河三角洲
地理,埃及,"7.尼罗河发源于东非高原，________热带草原地区，注入________,河流季节变化大，会定期________,给尼罗河两岸带来肥沃的土壤。",自南向北流经；地中海；泛滥
地理,埃及,8.苏伊士运河是________洲和________洲的分界线，沟通________海和________海，连接________和________。,亚；非；地中；红；大西洋；印度洋
地理,埃及,9.埃及的农作物________的产量和出口量均居世界首位。,长绒棉
地理,埃及,10.埃及的名胜古迹多沿________分布，主要有________、________、卢克索古城等。,尼罗河；金字塔；狮身人面像
地理,俄罗斯,1.俄罗斯地跨________两大洲和东、西两半球，是世界面积最大的国家。,亚欧
地理,俄罗斯,2.俄罗斯属于________洲国家，因其________位于欧洲部分，且人口、城市也大多集中在欧,欧；首都莫斯科
地理,俄罗斯,3.俄罗斯平原广阔，地势________高________低。,东高西低
地理,俄罗斯,4.俄罗斯的四大地形区以山河为界，依次分布。乌拉尔山脉以西是________平原，以东依次是________、________、________,东欧；西伯利亚平原、西伯利亚高原、西伯利亚山地
地理,俄罗斯,5.俄罗斯以________气候为主，有世界最大的________林。,温带大陆性；亚寒带针叶
地理,俄罗斯,"6.________河是俄罗斯的“母亲河”,是欧洲最长的河流，也是世界最长的内流河注入________海。",伏尔加；里
地理,俄罗斯,7.俄罗斯亚洲部分的三大河流自西向东依次是________河、________河、________河，均是自________向________流，注入________洋。,叶尼塞；鄂毕河、勒拿；南；北；北冰
地理,俄罗斯,8.俄罗斯矿产资源丰富，工业以________工业为主，工业区多靠近原料产地。,重
地理,俄罗斯,9.俄罗斯的农业区主要分布在________流域和________流域。,伏尔加；顿
地理,俄罗斯,10.________是俄罗斯的首都，人口和城市主要集中在________中部，是全国最大的城市和政治、经济、文化、交通中心。,莫斯科；东欧平原
地理,俄罗斯,11.________是俄罗斯第二大城市，波罗的海沿岸港口。,圣彼得堡
地理,俄罗斯,12.________位于北极圈内，________流经，是濒临北冰洋的最大城市和,摩尔曼斯克；北大西洋暖流
地理,俄罗斯,"13.符拉迪沃斯托克，又称________,是俄罗斯太平洋沿岸最大的港口城市。",海参崴
地理,法国,"1.法国位于欧洲西部，大陆轮廓呈________,西北隔英吉利海峡与________相望，南临________海。",六边形；英国；地中
地理,法国,2.法国的地形以平原和丘陵为主，南部是________山脉，东部是________山脉，地势______高、____低。,比利牛斯；阿尔卑斯；东南；西北
地理,法国,3.法国西部属________气候，南部属________气候,温带海洋性；地中海
地理,法国,4.法国农业机械化水平高，________是主要的农业区，________和________等产量均居欧洲各国首位。,巴黎盆地；小麦、玉米、葡萄；牛肉
地理,法国,5.法国________电占总发电量的70%以上，是世界核电比例最高的国家。,核
地理,法国,6.法国________盆地是主要的农业区，盛产________;西南部和地中海沿岸盛产________,巴黎；小麦；葡萄
地理,法国,"7.法国的首都是________,最大的港口是地中海沿岸的________等。",巴黎；马赛
地理,法国,8.法国是世界旅游大国，旅游资源有________、________、________、_______、_________。,巴黎圣母院、罗浮宫、凯旋门、埃菲尔铁塔、凡尔赛宫
地理,美国,1.美国的领土除了美国本土，还包括北美洲西北部的________州和太平洋上的________岛。,阿拉斯加；夏威夷群
地理,美国,2.美国本土东临________洋，西临________洋，南临________湾，北与________接壤，西南与________毗邻。,大西；太平；墨西哥；加拿大
地理,美国,3.美国地形呈南北纵列分布，_________面积广大；地势______高，______低。,平原；东西高，中间低
地理,美国,4.美国气候类型多样，以________气候为主。,温带大陆性
地理,美国,5.美国农业的特点是________化(专门化)_______、________程度都相当高，是世界最大的农产品出口国。,区域；机械化、商品化
地理,美国,6.美国乳畜带主要分布在________附近及东北部地区，因为这里气候冷湿，适宜牧草生长，城市和人口集中，市场广阔。,五大湖
地理,美国,7.美国东北部工业区发展的有利条件：________资源丰富、________交通便利、农业基础好、历史悠久等。,矿产；航运
地理,美国,8.美国以________色人种为主，人口稠密区主要分布在沿海平原和东北部的________附近。,白；五大湖
地理,美国,9.________是美国首都，位于哥伦比亚特区。,华盛顿
地理,美国,10.________是美国最大的城市和港口，位于________沿岸，也是世界四大金融中心之一。,纽约；大西洋
地理,美国,11________是美国太平洋沿岸的最大港口，________电影中心和第一个迪士尼乐园的所在地。,洛杉矶；好莱坞
地理,美国,"12.圣弗朗西斯科又称.________,位于太平洋沿岸，其东南的“________”是世界最大的高新技术产业区。",旧金山；硅谷
地理,美国,13.五大湖附近的农业带是乳畜带紧挨着玉米带，墨西哥湾附近是________带。(“南棉北乳西灌溉，,棉花
地理,美国,14.美国工业主要分布在三大地区，________(五大湖)附近是传统工业，________是新兴工业基地。,东北部；南部和西部太平洋
地理,美国,15.________是美国的交通中心，________是美国的汽车工业中心，________是美国的钢铁中心。,芝加哥；底特律；匹兹堡
地理,美国,16.美国的________是世界上最早建立的国家公园。,黄石公园
地理,美国,17.美国重要的标志性建筑________、________、________。,自由女神像；金门大桥、黄石公园。
地理,巴西,1.巴西东临________洋，大部分位于________和_________之间的热带。,大西；赤道；南回归线
地理,巴西,2.巴西是南美洲面积最大的国家，也是世界________带面积最大的国家。,热
地理,巴西,3.巴西北部的地形以________平原为主，气候以________气候为主；南部的地形以________高原为主，气候以________气候为主,亚马逊；热带雨林；巴西；热带草原
地理,巴西,"4.________平原是世界面积最大的平原，形成了世界最大的热带雨林区(有“世界动植物王国”和“________”之称),但其面积在不断缩小，引起了国际社会的极大关注。",亚马逊；地球之肺
地理,巴西,5.________发源于安第斯山脉，自西向东住人，________洋是世界径流量最大、流域面积最广的河流，长度居世界第________位。,亚马逊；大西；2
地理,巴西,6.________是南美洲经济实力最强的国家，铁矿石和水能资源丰富，该国和巴拉圭合建的________水电站世界著名。,巴西；伊泰普
地理,巴西,7.巴西人口以________部最为稠密，官方语言为_______,东南；葡萄牙语
地理,巴西,"8.巴西的首都是________,第一大城市是________,第二大城市是________。",巴西利亚；圣保罗；里约热内卢
地理,澳大利亚,1.澳大利亚位于________洋和________洋之间，是世界上唯一独占一块大陆的国家。,太平；印度
地理,澳大利亚,2.澳大利亚自西向东分为三大地形区，西部是________区，中部是________区，东部是山地区(如________岭）,高原；平原；大分水岭
地理,澳大利亚,3.澳大利亚的气候呈________状分布，________气候和________气候面积广大。,带；热带沙漠；热带草原
地理,澳大利亚,4.________河是澳大利亚最大的河流，发源于东部________岭，注入印度洋。,墨累；大分水
地理,澳大利亚,"5.澳大利亚被称为“世界活化石博物馆”,有________、________(考拉)、鸭嘴兽、鹂鹊等古老动物，形成原因是位置长期孤立，自然环境比较________,生物进化十分缓慢。",袋鼠；树袋熊；单一
地理,澳大利亚,6.澳大利亚有“骑在________上的国家”和“坐在________里的国家”之称。,羊背；矿车
地理,澳大利亚,7.澳大利亚绝大多数为________色人种，通用________语。,白；英
地理,澳大利亚,"8.澳大利亚的首都是________,第一大城市是________,第二大城市是________。",堪培拉；悉尼；墨尔本
地理,澳大利亚,"9.澳大利亚的人口和城市主要分布在________地区，该地区气候________,交通便利，开发较早，工农业发达。",东南沿海；适宜
地理,澳大利亚,10.澳大利亚著名的旅游景点有________、东北部的________。,艾尔斯巨石；大堡礁
地理,中国的疆域,1.中国位于________半球和________半球。,东；北
地理,中国的疆域,2.中国位于________洲东部、________洋西岸，地理位置的特点是________。,亚；太平；海陆兼备
地理,中国的疆域,3.中国南北跨纬度广，大部分地区位于________带，南部小部分地区位于________带，没有________分布。,北温；热；寒带
地理,中国的疆域,4.中国最东端：________省________,黑龙江；乌苏里江
地理,中国的疆域,5.中国最西端：_________的________,新疆维吾尔自治；帕米尔高原
地理,中国的疆域,6.中国最北端：________省的________,黑龙江；漠河县
地理,中国的疆域,7.中国最南端：________省南沙群________,海南；曾母暗沙
地理,中国的疆域,"8.中国陆地总面积约________千米2,居世界第________位。",960万；3
地理,中国的疆域,9.中国的陆上邻国(________个):“东朝鲜北蒙古，东北、西北俄罗斯，西有哈吉塔阿巴，西南印度尼不丹，南部还有缅老越”。,14；
地理,中国的疆域,中国的陆上邻国19个，东亚有________、________;东南亚有________、________、________;,蒙古(内陆国)、朝鲜；缅甸、老挝(内陆国)、越南
地理,中国的疆域,中国的陆上邻国19个，南亚________、________、________________;,巴基斯坦、阿富汗、不丹、尼泊尔
地理,中国的疆域,中国的陆上邻国19个，中亚有________、________、________;北亚有________,哈萨克斯坦(世界最大的内陆国)、吉尔吉斯斯坦、塔吉克斯坦；俄罗斯
地理,中国的疆域,10.中国频临的海洋自北向南依次是________海、________海、________海、________海。,渤；黄；东；南
地理,中国的疆域,11.中国的内海为________与________海峡。,渤海；琼州
地理,中国的疆域,12.中国的领海宽度___海里。,12
地理,中国的疆域,13.中国隔海相望的国家(________个):韩日菲马印尼莱东亚。东亚有________、________;,6；
地理,中国的疆域,中国隔海相望的国家6个，东南亚有________、________、________、________。,菲律宾、马来西亚、文莱、印度尼西亚
地理,中国的疆域,14.中国第一大岛是________岛，第二大岛是________岛。,台湾；海南
地理,中国的行政区划,1.中国现行的三级行政区划为________(自治区、直辖市)、________三级。,省；镇
地理,中国的行政区划,2.中国共有________个省级行政区域单位。(23+5+4+2),34
地理,中国的行政区划,3.中国的4个直辖市为________市、________市、________市、________市。,北京；天津；上海；重庆
地理,中国的行政区划,4.中国面积最大的省级行政区是________。,新疆维吾尔自治区
地理,中国的行政区划,5.中国跨纬度最广的省级行政区是________。,海南省
地理,中国的行政区划,6.中国跨经度最广的省级行政区是________。,内蒙古自治区
地理,中国的行政区划,7.中国陆上邻国最多的省级行政区是________。,新疆维吾尔自治区
地理,中国的行政区划,8.北回归线自西向东穿过的中国省级行政区依次是________、________。,云南省广西壮族自治区；台湾省
地理,中国的行政区划,9.东南沿海的省份？请记住八年级上册各省份的位置和轮廓。,上海、江苏、浙江、福建、广东
地理,中国的人口和民族,1.根据2020年第七次全国人口普查结果显示，中国总人口超过________亿，居世界第________位。,14；1
地理,中国的人口和民族,"2.中国人口地区分布不均，以__________线为界，东部人口_________，西部人口______，经济发达、交通便利的地区人口多,经济落后交通闭塞的地区人口少_",黑河(黑龙江省)—腾冲(云南省)；密集；稀疏
地理,中国的人口和民族,3.中国各省中________省人口最多，因为________________________。,广东；外来务工的人员多
地理,中国的人口和民族,"5.中国的人口政策：________,是一项长期的基本国策。",实行计划生育，控制人口数量，提高人口质量
地理,中国的人口和民族,6.中国共有________个民族，少数民族________个，人数最多的是________。在少数民族中，人口最多的是________族。,56；55；汉族；壮
地理,中国的人口和民族,8.在中国各民族中，________族分布最广要集中在________部和________部地区。,汉；东；中
地理,中国的人口和民族,9.中国的少数民族主要分布在________、________和________部地区。,西北；东北；西南
地理,中国的人口和民族,10.中国少数民族种类最多的省级行政区是________省。,云南
地理,中国的人口和民族,"11.壮族主要分布在________,回族主要分布在________,维吾尔族主要分布在________,蒙古族主要分布在________,",广西壮族自治区；宁夏回族自治区；新疆维吾尔自治区；内蒙古自治区
地理,中国的人口和民族,"藏族主要分布在________,苗族主要分布在________、________。",西藏自治区；贵州省；湖南省
地理,中国的人口和民族,12.蒙古族的特色民族节日________有________、________、________等比赛项目。,那达慕大会；骑马；射箭；摔跤
地理,中国的人口和民族,13.位于云南省傣族的特色民族节日________节，傣族人擅长跳________。,泼水；孔雀舞
地理,中国的地形,2.弧形山脉主要有喜马拉雅山脉，其主峰________峰是世界第一高峰，位于中国与尼泊尔的边境。背地图：八年级上册P21,珠穆朗玛
地理,中国的地形,"3.四大高原：青藏高原一_________,是中国最大、世界最高的高原，被称为“_________”。",雪山连绵，冰川纵横；世界屋脊
地理,中国的地形,"_________________高原：________,是中国第二大高原。________高原：_________________。",内蒙古；地表坦荡，起伏和缓；黄土；沟壑纵横，黄土广布
地理,中国的地形,"_______高原：________,地下多________,多_________地貌(________)。",云贵；地形崎岖；溶洞暗河；喀斯特地貌(石灰岩地
地理,中国的地形,4.四大盆地：________盆地一中国最大的盆地，其中的________是中国最大的沙漠，________资源丰富。,塔里木；塔克拉玛干沙漠；石油和天然气
地理,中国的地形,__________盆地—中国第二大盆地，西北部有来自__________的水汽，降水略多。,准噶尔；大西洋
地理,中国的地形,"________盆地——中国最湿润的盆地，被称为“红色(紫色)盆地”,其西部的________平原有“________”的美称。",四川；成都；天府之国
地理,中国的地形,5.三大平原：________平原一中国最大的平原，________广布。华北平原—也叫_________地势低平，一望无际。,东北；黑土；黄淮海平原，地势低平
地理,中国的地形,中国________平原—地势低平，河湖密布，有“鱼米之乡”的美称。,长江中下游平；
地理,中国的地形,"6.中国地形的特点是地形________,________面积广大。",复杂多样，山区
地理,中国的地形,"7.中国地势的特点是_______,呈_______状分布。",西高东低；阶梯
地理,中国的地形,8.中国地势第一、二级阶梯的分界山脉是________山脉—阿尔金山脉—祁连山脉—________山脉。,昆仑；横断
地理,中国的地形,9.中国地势第二、三级阶梯的分界山脉是________；________山脉；________；雪峰山。,大兴安岭；太行；巫山
地理,中国的地形,10.中国地势影响：对气候：有利于海洋湿润气流深入内地，形成________。对河流：使许多大河滚滚东流，沟通了东西交通，加强了沿海与内地的联系；阶梯交界处的河流水流湍急，________资源丰富。,降水；水能
地理,中国的气候,1.中国________季南北气温差异大，越往北气温越________，这是由于________因素和________季风的影响。,冬；低；纬度；冬
地理,中国的气候,2.中国________季南北气温差异不大，全国________________,夏；普遍高温
地理,中国的气候,3.习惯上将中国划分为________带、中温带、暖温带、________带和热带五个温度带，还有一个地高天寒、面积广大的________。,寒温；亚热；高原气候区
地理,中国的气候,4.________中国降水________分配不均，________差异大，年降水量自________向________递减。,空间；地区；东南沿海地区；西北内陆地区
地理,中国的气候,5.中国降水________分配不均匀，大部分地区的降水集中在________季。,时间(季节)；夏
地理,中国的气候,6.中国季风区与非季风区的分界线是________一阴山山脉—贺兰山一________山脉一冈底斯山脉以东一线(“大阴贺巴冈”)。,大兴安岭；巴颜喀拉
地理,中国的气候,7.________的影响是导致中国降水时空分布不均的主要原因，且它的进退影响到中国大陆东部雨带的推移。夏季风强，则“____涝________旱”;夏季风弱，则“_____涝_____旱”。________方降水多，________方降水少,夏季风；北；南；北涝南旱；南涝北旱
地理,中国的气候,8.中国季风气候显著的原因：中国位于世界最大的________大陆的东部，面临世界最大的________洋，海陆热力性质差异大。,亚欧；太平
地理,中国的气候,"9.中国气候的________性特征显著,气温的年变化和日变化较大，与世界同纬度的其他地区相比，________季气温明显偏低，________季气温明显偏高。",大陆；冬；夏
地理,中国的气候,10.________是冬半年影响中国的主要气象灾害，它会造成急剧降温、霜冻、大风、雨雪等天气状况。________常发生在夏初的江淮流域。________主要发生在夏秋季节的中国东南沿海地区。,寒潮；梅雨；台风
地理,中国的气候,11.________是对中国农业生产影响最大、最常见且分布范围最广的一种自然灾害。,干旱
地理,中国的河流,1.中国的太平洋水系包括________、________、黑龙江、珠江等河流，印度洋水系主要包括江，北冰洋水系主要包括________河。,黄河；长江；额尔齐斯
地理,中国的河流,2.________河是中国最长的内流河。,塔里木
地理,中国的河流,"3.中国的外流河多分布在________,河流的主要水源来自________带来的降水。",东部季风区；夏季风
地理,中国的河流,4.中国的内流河多分布在________地区，河流的主要水源来自________。,西北内陆；高山冰雪融水
地理,中国的河流,"5.秦岭一淮河线以北的河流，一般来说，流量较________,汛期较________,含沙量较(东北地区除外)________,________结冰期。",小；短；大，有
地理,中国的河流,"6.秦岭-淮河线以南的河流，一般来说，流量较________,汛期较________,含沙量________结冰期。",大；长；小，无
地理,中国的河流,7.中国最大的咸水湖是________湖，最大的淡水湖是________湖。,青海；鄱阳
地理,中国的河流,8.长江发源于________山脉，注入________海，是中国________、________、________、________的河流。,唐古拉；东；长度最长、水量最大、流域面积最广、水能最丰富
地理,中国的河流,9.长江上、中、下游的分界点是湖北________和江西________。,宜昌；湖口
地理,中国的河流,11.长江水能资源丰富，有“________”之称；长江是中国东西向交通的大动脉，享有“.________”的盛誉。,水能宝库；黄金水道
地理,中国的河流,12.黄河发源于________山脉，注入________海，是中国________、________量最大的河流。,巴颜喀拉；渤；长度第二；含沙
地理,中国的河流,13.黄河上、中、下游的分界点是内蒙古________和河南________。,河口；桃花峪
地理,中国的河流,15.黄河水土流失最严重的河段在________游。黄河形成“地上河”的河段在________游。,中；下
地理,中国的河流,"16.黄河的凌汛发生的原因是：河流会________;河水由较________流向较________,黄河发生凌汛的河段是________游和________游。",结冰；低纬度；高纬度；上；下
地理,中国的河流,17.综合治理黄河，要在上、中游大力开展________工作，在下游修堤筑坝，加固黄河大堤。,水土保持(植树造林)
地理,自然资源概况,1.自然资源可以分为________资源和________资源两大类。,可再生；不可再生
地理,自然资源概况,自然资源主要有这6类：________资源、________资源、________资源、________资源、________资源、________资源。,气候资源、水资源、土地资源、生物资源、矿产资源、海洋资源
地理,自然资源概况,自然资源中属于不可再生的资源的是________,矿产资源
地理,自然资源概况,2.能源矿产包括________、________、________。,石油、天然气、煤炭
地理,自然资源概况,3.中国西北内陆区光热丰富，但_________不足。,降水
地理,自然资源概况,4.中国青藏高原区光照充足，但_________不足。,热量
地理,自然资源概况,5.新能源是指在新技术的基础上开发利用的能源，具有对环境低污染的特点，比如________、________、________、________。,太阳能、风能、地热能、水能
地理,自然资源概况,1.海洋资源包括________资源(主要)________等矿产资源、从海水中提取的________和化学元素。,渔业；石油和天然气；盐
地理,自然资源概况,2.中国四大渔场从北往南是：黄渤海渔场、舟山渔场、南海沿岸渔场、北部湾渔场。其中最大的渔场是________渔场，位于________附近。,舟山；长江入海口
地理,自然资源概况,3.中国四大盐场从北往南是：长芦盐场、淮北盐场、布袋盐场、莺歌海盐场。最大的盐场是________盐场。,长芦
地理,自然资源概况,4.发展盐场的有利条件：①地形上有漫长________②气候上北方雨季短，________③位于背风坡，________。,宽广平坦的海滩；春季气温回升快，蒸发旺盛；降水少
地理,自然资源概况,5.海洋资源开发利用可能出现的问题：近海渔业资源________(措施：春夏季鱼类繁殖期时________)、海洋________(台风)、海洋________加剧(比如：________)。,衰竭；休渔；灾害频繁；污染；赤潮
地理,自然资源概况,6.对海洋环境危害最大的是________。,石油污染
地理,土地资源,1.________中国土地资源的基本国情是“________多________少”。,人；地
地理,土地资源,2.土地资源类型齐全，________地占比大，________地、________地占比相对偏小，难以利用的土地比重较大。,草；耕；林
地理,土地资源,3.中国的耕地主要分布在________的________、盆地以及低缓丘陵地区(南方以________为主，北方以________为主)。,东部季风区；平原；水田；旱地
地理,土地资源,4.中国有________三大林区，东北、西南为天然林，东南(丘陵)为人工次生林。,东北、西南、南方
地理,土地资源,5.草地主要分布在北部、西部________地区。,内陆的干旱和半干旱
地理,土地资源,6.中国东部________区，雨热同期，土壤肥沃。,季风
地理,土地资源,7.中国的土地国策：十分珍惜、合理利用土地和切实保护________地。,耕
地理,土地资源,8.中国的人均耕地少，可开垦的后备土地资源不多，因此要保护________耕地，提高耕地的生产力水平。,现有
地理,土地资源,9.对待林地，我们需要采取营林、造林、护林、________的措施。,采育结合
地理,土地资源,"10.对待草地和牧区，我们需要________,避免出现________导致草场退化，土地________。","确定合理的载畜量；过度放牧,；荒漠化"
地理,水资源,"1.中国的水资源主要是指________,主要存在于_________中。",淡水；河流和湖泊
地理,水资源,2.中国水资源的空间分布特点：________多________少，南多北少。,东；西
地理,水资源,3.中国水资源的时间分配特点：________多________少，年际变化_______。,夏秋；春冬；大
地理,水资源,4.解决水资源空间分布不均的主要措施是_______。,跨流域调水
地理,水资源,5.解决水资源时间分配不均的主要措施是________。,兴建水库
地理,水资源,6.________工程是中国最大规模的跨流域水资源综合开发利用工程，把________流域富余的水调人缺水的________、________地区。,南水北调；长江；华北；西北
地理,水资源,中国南水北调工程①西线：长江________调水→西北地区(特点：________),上游；水质最好
地理,水资源,中国南水北调工程②中线：汉江的________→华北地区(特点：水可以________),丹江口水库；基本自流
地理,水资源,中国南水北调工程③东线：长江________扬州→华北地区(特点：利用________运水，水质________),下游；京杭大运河；差
地理,水资源,7.水利枢纽都具备的功能有________、________、________、________、________等。,防洪(主要)、灌溉、发电、航运、水产养殖、旅游
地理,水资源,8.中国河流的径流量排名：________第一、________第二、_________第三、________第四。,长江；珠江；黑龙江；黄河
地理,农业,1.农业是支持和发展国民经济中的________产业。,基础
地理,农业,2.农业的四种生产部门(类型):________(小农业)、________。(口诀：“农林牧渔”),种植业；林业、畜牧业、渔业
地理,农业,3.在农业生产中要根据当地的自然地理和社会经济条件，_________地发展农业。,因地制宜
地理,农业,4.新型农业有：城郊农业、________(减少使用化肥和农药)________、创汇农业。,绿色农业；观光农业
地理,农业,5.杂交水稻之父是________。,袁隆平
地理,农业,6.中国的粮食作物，北方以________为主，南方以________为主。,小麦；水稻
地理,农业,"7.中国的纤维作物主要是________,主要分布在新疆(________)、黄河中下游地区、________中下游地区。",棉花；长绒棉；长江
地理,农业,"8.中国的油料作物，________在中国的种植面积最广，北方以________为主(集中在________、河南),南方以________为主(________域是中国的最大油菜产区)。",油菜；花生；山东；长江流
地理,农业,9.中国的糖料作物，北方以________为主，南方以________为主(华南地区、________产量最大)。,甜菜；甘蔗；广西壮族自治区
地理,农业,10.中国的热带作物，主要分布在________岛、________半岛、________岛南部、云南省________。,海南；雷州；台湾；南部
地理,农业,11.中国的饮料作物主要是分布在________陵的________。,东南丘；茶叶
地理,农业,12.中国的商品粮基地，主要有太湖平原、________平原(江西)、__________平原(湖南)江汉平原、江淮地区、________平原(四川)、松嫩平原、三江平原、珠江三角洲等。,鄱阳湖；洞庭湖；成都
地理,农业,13.畜牧业分为________畜牧业和________畜牧业。,牧区；农耕区
地理,农业,14.中国的四大牧区：________(_三河牛、_______)、________(________)、.________(_________)、________(________)。,内蒙古（三河牛、三河马）；新疆（细毛羊）；西藏(牦牛)；青海(牦牛)
地理,工业,1.工业是国民经济中的________产业。,主导
地理,工业,2.工业分为________和________。,轻工业；重工业
地理,工业,3.轻工业以生产________资料为主，包括食品工业、纺织工业(________最重要)。,生活；棉纺织
地理,工业,4.重工业以生产生产资料为主，包括________、________、__________、化学工业。,钢铁工业；机械工业；能源工业
地理,工业,"5.中国的第一大能源是________,________省的产量最大。",煤炭；山西
地理,工业,"6.中国第二大能源是________,黑龙江的________是目前中国最大的该能源工业基地。",石油；大庆油田
地理,工业,"7.水力(水能)是中国重要的能源，主要集中在河流的________,主要用于________。",上游；发电
地理,工业,8.中国是世界上钢铁产量最多的国家，多用________炼钢，________主要从巴西、澳大利亚进口。,煤炭；铁矿石
地理,工业,9.________工业基地是中国著名的________基地。,辽中南；重工业
地理,工业,10.________工业基地是中国北方最大的________工业基地。,京津唐；综合性
地理,工业,11._________工业基地是中国最大的________工业基地。,沪宁杭；综合性
地理,工业,12._________工业基地是以________为主的综合性工业基地。,珠江三角洲；轻工业
地理,工业,15.环渤海高新技术产业密集区，以________科技园区为中心。,北京中关村
地理,工业,16.沿长江高新技术产业密集区，以________为中心。,上海高新区
地理,工业,17.东南沿海高新技产业密集区，以________区为中心。,深圳高新
地理,工业,18.列举生活中的高新技术产品：_________等。,手机、电脑、机器人
地理,交通运输业,"1.交通运输业是指利用_________,促使________实现_________的生产部门。",各种运输工具；客、货；空间位移
地理,交通运输业,2.”要想富，先修路”说明交通运输业具有________的特征。,先行发展
地理,交通运输业,入3.中国已形成以________为中心的全国铁路网。,北京
地理,交通运输业,4.中国南北向铁路干线主要有________(________)、_________(________(________)。,京哈线；从北京到哈尔滨；京沪线；北京到上海)、京九线；北京到香港九龙
地理,交通运输业,5.中国东西向铁路干线主要有_________线(________)、_________线(___________________________)、________(____________)。,京包—包兰线(北京到包头到甘肃兰州)；陇海—兰新线(上海到甘肃兰州到新疆乌鲁木齐)；沪昆线(上海到昆明)
地理,,6.中国综合性交通运输枢纽主要有：_______、_______、上海、_______、_______、_______。,北京、郑州、上海、武汉、广州、株洲
地理,交通运输业,7.京广线与陇海线交会于________。京沪线与陇海线交会于________。陇海线、兰新线、包兰线交会于________。京广线与沪昆线交会于________。,郑州；徐州；兰州；株洲
地理,交通运输业,8.________、________的物品，且数量不大，需要最快的速度送达的货物选择_______运输。,贵重；急需；航空
地理,交通运输业,9.能满足“门对门”的要求短途运输，选择________运输。,公路
地理,交通运输业,10.大宗笨重货物，远距离运输，低成本，选择________运输或__________运输，但速度慢。,铁路；水运
地理,交通运输业,"11.管道运输主要用来运输_________,具有运量大、连续性强的优点。",石油和天然气
地理,四大地理区域的划分,1.中国四大地理区域分别是：_________地区、_________地区、_________地区、_________地区。,南方;北方;青藏;西北
地理,四大地理区域的划分,"2.南方地区的自然环境特点是________,北方地区的自然环境特点是________,青藏地区的自然环境特点是________,西北地区地区的自然环境特点是________。",湿热；冷湿；高寒；干旱
地理,四大地理区域的划分,3.中国四大地理区域的分界线：秦岭-淮河线、________毫米年等降水量线(大兴安岭-长城)________高原边缘线。,400；青藏
地理,四大地理区域的划分,4.说出秦岭淮河的10条地理意义。,"①南方和北方的分界线
②水田和旱地的分界线
③湿润地区与半湿润地区的分界线
④亚热带和暖温带的分界线
⑤800mm年等降水量线(南方降水多，北方降水少)
⑥1月0℃等温线(南方气温高，北方气温低)
⑦亚热带季风、温带季风气候分界线
⑧亚热带常绿阔叶林、温带落叶阔叶林分界线
⑨长江流域、黄河流域的分界线
⑩河流有无结冰期：南方不结冰，北方结冰"
地理,四大地理区域的划分,5.四大地理区域的划分:①北方和南方地区以秦岭-淮河线为界，主导因素是________(气温和降水),气候因素
地理,四大地理区域的划分,②北方和西北地区以400毫米等降水量线为界，主导因素是_________,降水(或夏季风);
地理,四大地理区域的划分,③青藏地区和其他地区以第一、二阶梯分界线为界，主导因素是_________,地形地势(或海拔)
地理,四大地理区域的划分,"6.北方地区与西北地区的分界线大致还属于3种地理事物的分界线
①夏季风：季风区与________区
②降水：________mm年等降水量线
③畜牧业：________畜牧业与________畜牧业
④河流：内流河一外流河
⑤干湿地区：半干旱一半湿润地区",非季风；400；农耕区；牧区
地理,北方地区,1.北方地区包括的主要地形区：________。地形以________为主，跨越第________、________级阶梯。,东北平原、华北平原、黄土高原；高原、平原；二三
地理,北方地区,"2.华北地区的主要粮食作物是________,作物熟制是_",冬小麦；一年两熟或两年三熟
地理,北方地区,"3.东北地区的主要粮食作物是________,作物熟制是_",春小麦；一年一熟
地理,北方地区,4.北方地区以________水果为主，主要有________、________、________.,温带；苹果；枣；梨
地理,北方地区,5.东北地区的________特别肥沃。,黑土
地理,北方地区,6.中国的天然林区有：________、________、________。,大兴安岭、小兴安岭、长白山
地理,北方地区,"7.北方的能源矿产丰富，中国最大的油田：________,位于________",大庆油田；黑龙江省
地理,北方地区,8.中国出产煤炭最多的是________。,山西省
地理,北方地区,9.北方地区粮食作物________、糖料作物________产量丰富。,小麦；甜菜
地理,北方地区,"10、描述一下北方河流的水文特征(量、位、沙、冰、能、汛):东北地区：水量大，水位变化大，________,有结冰期和凌汛，",含沙量低；有春汛和夏汛
地理,北方地区,"描述一下北方河流的水文特征(量、位、沙、冰、能、汛):华北地区：水量大，水位变化大，________,有结冰期和凌汛，________11.北方地区的气候属于________,气候特征是",含沙量高；有夏汛
地理,北方地区,"11.北方地区的气候属于________,气候特征是夏季高温多雨，冬季寒冷干燥",温带季风气候
地理,南方地区,"1.南方地区地跨________级阶梯地形区包括：________,________,________,________。",二、三；长江中下游平原；东南丘陵；四川盆地；云贵高原。
地理,南方地区,"2.南方地区的粮食作物是________,作物熟制是一年________。",水稻；两熟到三熟
地理,南方地区,3.南方地区以________、________水果为主，主要有________、________、________、________等,亚热带；热带；柑橘、香蕉、菠萝、荔枝、椰子
地理,南方地区,4.南方平原地区河湖众多，水网纵横，有“________”之称，长江中下游平原有________之称，成都平原有“________”之称。,水乡；鱼米之乡；天府之国
地理,南方地区,5.描述一下南方河流的水文特征。,河流径流量大、水位高、含沙量低、无结冰期、水能丰富、汛期在夏季。
地理,南方地区,6.南方地区饮料作物________、糖料作物________、水果________产量丰富。,茶叶；甘蔗；柑橘
地理,南方地区,"7.南方的________(________,________,______等)矿产资源非常丰富。",有色金属；锡、铝土、铅锌
地理,西北地区,1.西北地区自然环境的主要特征是________。,干旱
地理,西北地区,2.________导致西北地区自东向西大致呈现____、____的自然景观,降水因素；草原、荒漠
地理,西北地区,3.制约西北地区农业生产的最大因素是水源，因此其农业以________和________为主。,灌溉农业；绿洲农业
地理,西北地区,4.西北地区的灌溉农业主要分布在有“塞上江南”之称的________和________,宁夏平原；河套平原
地理,西北地区,"5.________“天苍苍,野茫茫，风吹草低见牛羊”这句时描写的是________地区的________(农业类型/部门)。",西北；畜牧业
地理,西北地区,6.西北地区的地理位置特点，也是西北地区气候的成因是________。,深居内陆，远离海洋
地理,西北地区,"7.新疆的瓜果特别甜是因为________,________,有利于糖分的积累.",光照充足，昼夜温差大
地理,西北地区,8.西北地区的河流大多数是________(内流河/外流河)河水的补给形式是________。,内流河;高山冰雪融水
地理,西北地区,9.在天山牧场会发生季节轮牧现象是因为气温随海拔的升高而降低，为了适应牧草的生长速度，满足牛羊的食物需要，轮牧有利于保护草场，避免土地荒漠化。,
地理,西北地区,10.西北地区包括省份和行政中心是新疆维吾尔自治区——________、内蒙古自治区——________、________——兰州。乌鲁木齐；呼和浩特；甘肃省,
地理,西北地区,"11.“三山夹两盆”三山指的是：________,________,________，两盆是：________,________。",阿尔泰山、天山、昆仑山脉;准噶尔盆地、塔里木盆地
地理,西北地区,12.西北地区与其他地区的分界线是大兴安岭-阿尔金山-昆仑山脉(________mm降水量线),400
地理,西北地区,13.新疆维吾尔自治区种植的著名纤维作物是：________.,长绒棉
地理,青藏地区,"1.青藏地区自然环境的主要特征是________,主要形成原因是青藏高原________",高寒；海拔高
地理,青藏地区,"2.青藏地区的“三江源”是________，________,________的源头。",黄河，长江，澜沧江
地理,青藏地区,"3.青藏地区主要的粮食作物是________,农业多分布于地势低平的________。",青稞；河谷地带
地理,青藏地区,4.青藏地区有丰富的_______能、________能、________能等清洁能源。,太阳能、地热能、风能
地理,青藏地区,5.韩红歌曲《天路》指的是________铁路，是从________到________。,青藏；青海省的西宁；西藏的拉萨
地理,青藏地区,6.青藏地区包括________、________和________。,青海省、西藏自治区；四川省
地理,青藏地区,"7.青藏高原的自然环境是________,地表情况是________。",高寒；雪山连绵，冰川纵横
地理,青藏地区,8.青藏地区发展农牧业的有利是：________、________、________。不利条件是________，________。,光照充足、昼夜温差大、水源充足；气候寒冷，缺少热量
地理,青藏地区,"9.西藏地区是________(少数民族)的聚居地，他们喜欢信仰________,拉萨有著名的_(建筑名称)。",藏族；佛教；布达拉宫
地理,青藏地区,"10.位于青藏高原上，中国海拔最高的盆地是________,被称为________。",柴达木盆地；聚宝盆
地理,东北地区,"1.东北地区包括________,________,________，简称东北三省(”黑吉辽”)。",黑龙江省、吉林省、辽宁省
地理,东北地区,2.________东北地区的地形以________和为主，山环水绕，沃野千里。,平原、山地
地理,东北地区,"3.东北地区属________,降水多集中在________季，冬季降雪较多。",温带季风气候；夏
地理,东北地区,4.东北地区人数最多的少数民族是________族。女性的传统服装是________。,满；旗袍
地理,东北地区,5.东北地区的城市主要集中在________沿线地区。,交通干线
地理,东北地区,6.东北地区是中国重要的农产品生产基地和________基地。,重工业
地理,东北地区,9.东北地区的植被类型是________。,针叶林
地理,东北地区,10.东北地区的人口主要分布在________。,中部和南部
地理,东北地区,11.________是东北地区北部的中心城市，重要的铁路枢纽，是具有异国情调的城市。,哈尔滨
地理,东北地区,12.________是东北地区中部的中心城市，是中国著名的________基地。,长春；汽车制造
地理,东北地区,"13.________是东北地区________的________和________,名胜古迹众多。",沈阳；最大；综合性中心城市；交通枢纽
地理,东北地区,"14.玉米集中种植在________,________,________省的产量最大。",松嫩平原；辽河平原；吉林省
地理,香港和澳门,"1.香港位于濒临________,珠江口___侧，北与____市相邻。",南海；东，深圳
地理,香港和澳门,2.香港主要由________和________、________组成。,香港岛；九龙、新界
地理,香港和澳门,"3.香港和澳门因为________,一直在大规模的填海造陆。",人多地少
地理,香港和澳门,4.香港历史上曾被________侵占，________年后回归，区旗和区徽是________。,英国；1997；紫荆花
地理,香港和澳门,"5.香港的主要贸易对象是________,联系十分紧密，有________、广深铁路和公路相连。",中国大陆；京九线
地理,香港和澳门,6.香港的主导产业是________。香港被称为“________”,对外贸易；购物天堂
地理,香港和澳门,"7.香港的________十分发达，有亚洲最大的海洋公园、根据《清明上河图》建造的________,世界上最大的________，以及香港迪士尼乐园",旅游业；宋城，青铜坐佛
地理,香港和澳门,8.香港位置上靠近轻工业发达的珠三角，逐渐发展出“前店后厂”的模式，是指产品________在珠江三角洲，产品的________在香港。,生产；销售
地理,香港和澳门,9.澳门位于珠江口________南，北与________市相邻。澳门主要由________、凼仔岛、路环岛组成。,西；珠海；澳门半岛
地理,香港和澳门,10.澳门曾被________侵占，________年回归中国。,葡萄牙；1999
地理,香港和澳门,"11.澳门的区旗和区徽是漂浮在海上的________,有“________”之称呼。",荷花；海上花园
地理,香港和澳门,12.澳门的________和________是主要的经济支柱，有著名的________景点,旅游业；博彩业；大三巴牌坊
地理,珠江三角洲,1.珠江三角洲位于中国________沿海，是由________及其支流冲积而成的三角洲，简称________,南海；珠江；珠三角
地理,珠江三角洲,2.珠三角地理位置上具有毗邻______，近______，______众多的优势，是中国的“,港澳，东南亚，华侨；南大门
地理,珠江三角洲,"3.珠江三角洲发展的模式是”引进来，走出去”,吸引外商投资和外企落户，从境外引进________、________、_________与管理模式，产品主要销往________。主要发展________型经济。",资金；技术、设备；国外；外向
地理,珠江三角洲,4.珠江三角洲区域是由珠江沿岸的城市组成的区域，主要有________等9个城市，是中国改革开放的先行区。,广州、深圳、佛山、珠海、东莞
地理,珠江三角洲,5.珠江三角洲是中国最大的________工业基地。,轻
地理,珠江三角洲,6.________别名羊城，是广东省的省会，________居全国各城市首位。,广州；华侨人数
地理,珠江三角洲,7.________是第一批改革开放设立的经济特区。,深圳
地理,长江三角洲,1.长江三角洲是由_____和______的泥沙淤积形成的平原，是中国________的河口三角洲。,长江；钱塘江；最大
地理,长江三角洲,2.长江三角洲是举世闻名的________和________。,鱼米之乡；丝绸之乡
地理,长江三角洲,"3.长江三角洲区域的核心城市是________(沪),北翼的中心城市是________(宁),南翼的中心城市是________(杭),又称________。",上海；南京；杭州；沪宁杭
地理,长江三角洲,4.长三角是中国最大的________工业基地，是中国综合国力最强的区域。,综合性
地理,长江三角洲,"5.上海位于____的入海口,________都十分便利，是中国________的城市，对长江流域乃至全国得发展，具有重要的________作用。",长江，河运和海运；规模最大；辐射带动
地理,长江三角洲,6.________是江苏省的省会，有________的美誉，也是江苏省最大的交通运输枢纽，南京港是中国________第一大港口。,南京；六朝古都；内河运输
地理,新疆维吾尔自治区,1.新疆位于中国________地区，地形以________和________为主，构成“__________”的地形大势。,西北；盆地；山地；三山夹两盆
地理,新疆维吾尔自治区,"2.________横亘新疆中部，把新疆分为南北两部分，以南为________,以北为_______",天山；南疆；北疆
地理,新疆维吾尔自治区,"3.新疆光照______,降水_____,昼夜_____,对________、小麦、甜菜、瓜果的生长有利。",光照充足，降水少，昼夜温差大；长绒棉
地理,新疆维吾尔自治区,4.新疆塔里木盆地的________丰富，通过________程输送到祖国的中部和东部地区。,石油和天然气；西气东输工
地理,新疆维吾尔自治区,"5.新疆绝大部分河流是内流河，河水来源主要是________冰雪融水，湖泊数量________,大多数咸水湖。",高山；多
地理,新疆维吾尔自治区,6.________是新疆这样干旱地区利用________汇集地下水，并引至地面用于________的水利设施。,坎儿井；地下渠道；灌溉
地理,新疆维吾尔自治区,7.新疆边境邻国众多，开展________十分有利。,边境贸易
地理,北京市,1.北京地处________平原、太行山区、________高原交会的枢纽地带，距离________海和东北地区较近，地理位置重要。,华北；黄土；渤
地理,北京市,2.北京的地形以________、平原为主；地势________高、________低。,丘陵；西北；东南
地理,北京市,"3北京属________气候，夏季________,冬季________。",温带季风；高温多雨；寒冷干燥
地理,北京市,4.北京是拥有世界文化遗产最多的城市，如________、长城、周口店“北京人”遗址、________、十三陵。,故宫；颐和园
地理,北京市,"5.中国的首都是________,该城市是中国的________、文化、交通、对外交流、科技创新中心。",北京；政治
地理,北京市,6.北京的城市发展问题有____资源匮乏、________、________、________、雾霾等。,水；交通拥堵、环境污染、沙尘暴
地理,北京市,7._________于2008年举办了29届夏季奥林匹克运动会，2022年举办了冬奥会，是唯—一个举办了双奥会的城市。,北京
地理,台湾省,1.台湾省位于中国东南沿海，西隔________海峡与________省相望。,台湾；福建
地理,台湾省,2.台湾省的主体是________岛，还包括周围的________、________岛等200多个岛屿。,台湾；澎湖列岛；钓鱼
地理,台湾省,3.台湾岛的地形以________为主，平原多分布在________部沿海地区。,山地；西
地理,台湾省,4.台湾地处________和________板块的交界处，是地震多发地区。,欧亚板块；太平洋
地理,台湾省,5.台湾岛北部属________气候，南部属________气候，每年6月至10月常受________侵袭。,亚热带季风；热带季风；台风
地理,台湾省,6.台湾的工业以________业为主体，以电子信息产业为支柱，对国际市场依赖程度很高。7.台湾岛中部多山地，公路、铁路线大多________分布，铁路线呈________。,加工制造；沿海；环状
地理,台湾省,8.台湾省的居民以________族为主，主要的少数民族是________族。,汉；高山
地理,台湾省,9.________是台湾省最大的城市，________是台湾省第二大城市和最大港口。,台北市；基隆
地理,台湾省,10.________是台湾省最大的天然湖泊。________是岛内最长的河流。,日月潭；浊水溪
地理,台湾省,"11.台湾岛上的火烧寮位于台湾山脉东南风的________,多_______雨。",迎风坡；地形雨
地理,台湾省,12.台湾岛有________、_________的美称，森林资源丰富，樟树种植面积广大，________产量居世界首位。,天然植物园；水果之乡；樟脑
地理,黄土高原,"1.黄土高原大致北起长城，南至_________,西抵________,东到_________,是世界最大的_________沉积区。",秦岭；贺兰山；太行山；黄土
地理,黄土高原,"2.黄土高原地表_________,_________,生态环境十分脆弱，________严重。",沟壑纵横，支离破碎；水土流失
地理,黄土高原,3._________是黄土高原特有的传统民居。,窑洞
地理,黄土高原,4.黄土高原地区采取了一系列措施治理水土流失，如________、坡耕地改水平梯田、________等，黄土高原的人居环境显著改善。,植树种草；打坝淤地
生物,一、生物的七大特征,1.生物的生活_______________:绿色植物通过_______________制造有机物，异养生物从外界获取现成的有机物。,需要营养；光合作用
生物,一、生物的七大特征,2.生物能进行________:_______________________要吸入________呼出_______________(有氧呼吸)。,吸绝大多数生物需；氧气；二氧化碳
生物,一、生物的七大特征,3.生物能________体内产生的________:动物排出废物的方式为排尿、出汪、呼出气体等，植物以_______、_______的形式带走废物。,排出；废物；落吐、枯枝
生物,一、生物的七大特征,4.生物能______________：如“惊弓之鸟”、“望梅止渴”、“飞蛾扑火”等，对于植物来说，如向日葵的向光性、“红杏出墙”、植物根的向地性。,对外界刺激作出反应
生物,一、生物的七大特征,5.生物________________如“离离原上草，一岁一枯荣”、孔雀开屏、雄蛙鸣叫、蜻蜓点水。,生长和繁殖
生物,一、生物的七大特征,6.生物都有________________的特性：龙生龙，凤生凤(遗传);一母生九子，连母十个样(变异)。,遗传和变异
生物,二、生物调查,1.生物调查时，先明确______________________________、制定合理的_______________。当调查范围较大时可采用_____________________________________________,调查且的；调查方案；抽样调查(原则：随机抽样)
生物,二、生物调查,2.生物调查的步骤：__________________________________________________________________________________________,选择调查范围——分组——设计路线——调查——归类——整理。
生物,三、生物的分类,"1.按照形态结构特点,将生物归为_______、_________和__________三大类",植物、动物和其他生物三大类
生物,三、生物的分类,"2.按照生活环境,将生物划分为____________和________________",陆生生物和水生生物
生物,三、生物的分类,"3.按照用途,将生物分为_____、_______、________、_________等",作物、家禽、家畜、宠物等
生物,四、探究实验,1.探究实验六个过程：________________、______________、制订计划、实施计划、_______________、表达和交流。,提出问题；作出假设；得出结论
生物,四、探究实验,探究实验对照实验：在研究一种条件对研究对象的影响时，所进行的除了这种条件________以外，____________的实验(单一变量原则)。,不同；其他条件都相同且适宜
生物,四、探究实验,"例如：在探究“土壤湿度对鼠妇生活的影响”时，这个实验中的变量是________,据此设计两种不同的环境：___________________________________________________________________________________,例如光设置为鼠妇喜欢的阴暗环境。",土壤湿度；干燥和潮湿(形成对照)，其他条件都保持相同且适宜
生物,四、探究实验,1.土壤湿度对鼠妇生活的影响，这个实验中要保持实验结果的不同只是由探究的因素(变量)引起的，就要_____________，______________________。,设置对照实验，控制单一变量
生物,四、探究实验,2.土壤湿度对鼠妇生活的影响，这个实验中鼠妇的数目不能太少，目的是_________________________，____________________,避免偶然性，提高实验的可信度
生物,四、探究实验,"3.土壤湿度对鼠妇生活的影响，这个实验中实验结果只取______________________________,此外，计算全班各组_______________________________________,目的是_",最后一次时间的结果；最后一次结果的平均值或者一个小组多次重复实验的结果求平均值；减少误差，提高实验的可信度
生物,五、生物与环境的关系,1.生物与环境的关系中指环境中影响生物的生活和分布的因素。可分为________________和______________,非生物因素和生物因素
生物,五、生物与环境的关系,"非生物因素对生物的影响
①_______________:“人间四月芳菲尽，山寺桃花始盛开”;“春风又绿江南岸”;“动物冬眠”;“南橘北枳”。
②_______________:不同植物在不同时间开花，以及一些喜阴植物，如人参和田七；春兰秋菊等。
③_______________:惊蛰雷鸣，成堆谷米；春雨贵如油；谷雨，谷得雨而生也等。
④._______________
⑤._______________",温度；光照；水；土壤；空气
生物,五、生物与环境的关系,生物因素对生物的影响(生物与生物之间五大关系)①.______________________________:一种生物以另一种生物为食,捕食关系
生物,五、生物与环境的关系,生物因素对生物的影响(生物与生物之间五大关系)②_______________:分为种间竞争和种内斗争,竞争关系
生物,五、生物与环境的关系,生物因素对生物的影响(生物与生物之间五大关系)③.______________________________(种内互助):生物之间的互助,合作关系；
生物,五、生物与环境的关系,生物因素对生物的影响(生物与生物之间五大关系)④.______________________________:________生物生活在一起，彼此有利,共生关系；同种
生物,五、生物与环境的关系,生物因素对生物的影响(生物与生物之间五大关系)⑤.________________:一种生物生活在另一种生物的体表或体内，并从中获取营养，如菟丝子。,寄生关系
生物,五、生物与环境的关系,生物与环境的关系(1)________________________:如寒冷环境法桐落叶，松树不落叶；生物的保护色,生物适应环境
生物,五、生物与环境的关系,生物与环境的关系(2)___________________:“大树底下好乘凉”;蚯蚓改良土壤；“千里之堤，溃于蚁穴”;沙地植物，防风固沙。,生物影响(改变)环境
生物,五、生物与环境的关系,生物与环境的关系(3)________________:马里亚纳海沟不生长绿色植物。,环境影响生物
生物,六、生态系统,生态系统：在一定的空间范围内，__________________所形成的统一的整体。如一片森林，一块农田，一片草原，一个湖泊，等都可以看作一个生态系统。,生物与环境
生物,六、生态系统,生态系统包含_______________部分(无机环境)和_____________部分。,非生物部分和生物部分
生物,六、生态系统,生态系统非生物部分包括：_______、_______、_______、_______。,阳光、空气、水、土；
生物,六、生态系统,生态系统组成中生物部分:_________——植物(通过光合作用制造有机物),生产者
生物,六、生态系统,生态系统组成中生物部分:_________——动物(直接或间接以植物为食),消费者——动物(直接或间接以植物为食)
生物,六、生态系统,生态系统组成中生物部分：________——细菌和真菌(将遗体分解，供植物重新利用),分解者
生物,六、生态系统,生产者、消费者和分解者之间的关系是______________________________的关系。,相互依存、相互制约
生物,六、生态系统,"2.在一个生态系统中，起决定作用的,_______________的,最关键的最基本的是________不可缺少的生物部分是_______________________。",数量最多；生产者和分解者
生物,七、食物链和食物网,在生态系统中，不同生物之间由于________________________而形成的链状结构叫做_______________注意食物链的写法：①____________________________________________________________,吃与被吃的关系;食物链;
生物,七、食物链和食物网,注意食物链的写法：①起点一定是________，终点是最________,点一定是生产者，终点是最高级消费者
生物,七、食物链和食物网,注意食物链的写法：②箭头由_______指向_______.由低级消费者指向高级消费者.表示物质和能量的流动方向；,生产者;消费者
生物,七、食物链和食物网,注意食物链的写法：③______________________________。如草→虫→鸟→蛇→鹰。,没有分解者和非生物部分。如草→虫→鸟→蛇→鹰。
生物,七、食物链和食物网,"在一个生态系统中，往往有很多条食物链，它们彼此_______________,形成食物网。",交错连接
生物,七、食物链和食物网,1.生态系统中的_______________就是沿着_____________________________________________。有毒物质沿食物链富集，越积越多。,物质和能量；食物链和食物网流动的
生物,七、食物链和食物网,2.在一个生态系统中，能量的最终来源是________.,太阳能
生物,七、食物链和食物网,"在生态系统中能量_______________是_______________开始的。能量是________的，传递的效率是10%~20%,即能量在沿食物链传递中是_______________的；在食物网中，能让最高级消费者获",流动的起点；生产者固定太阳能；单向传递；逐级减少
生物,七、食物链和食物网,得能量最多的食物链是_______________,最短的那条
生物,七、食物链和食物网,3.一般情况下，相对数量沿着食物链越来越少，______________________________,相对数量最多的是生产者;
生物,八、生态平衡,"1.在一般情况下，生态系统中生物的________________________。这说明生态系统_______________,但这种______________________________。如果外界干扰超过了这个限度，生态系统就会遭到破坏。",数量和所占比例是相对稳定的;具有一定的自动调节能力；自动调节能力是有一定限度
生物,八、生态平衡,"2.生态系统生物种类越多，营养结构越复杂，即_____________________________________________,稳定性更高，如森林生态系统。",成分越复杂，其自动调节能量越强
生物,八、生态平衡,九、生物圈：地球上______________________________的总和.,所有的生物与其环境
生物,八、生态平衡,生物圈的三大范围①.________________:可飞翔的鸟类、昆虫、细菌等。,大气圈的底部
生物,八、生态平衡,生物圈的三大范围②________:距海平面150米内的水层。,水圈的大部
生物,八、生态平衡,生物圈的三大范围③.________________:是_______________________________________;也是人类的“立足点”。,岩石圈的表面；一切陆生生物的“立足点”
生物,八、生态平衡,"森林生态系统(“___________”,“__________________”)、海洋生态系统(________的主要来源、生物圈中最大的生态系统)、湿地生态系统(典型为沼泽，“________”)、草原生态系统、淡水生态系统、农田生态系统、城市生态系统等。(注意：其他特征详见课本p29)",绿色水库；地球之肺；氧气；地球之肾
生物,八、生态平衡,★生物圈是一个统一的整体，是地球上最大的生态系统，是所有生物的共同家园。特例：人工模拟的生物圈二号失败的主要原因是______________________________,氧气含量大幅度下降
生物,十、显微镜的结构和使用,1.显微镜的基本结构包括______________________________。,目镜、物镜、转换器、反光镜、光圈、粗准焦螺旋、细准焦螺旋
生物,十、显微镜的结构和使用,(1)显微镜的目镜：_____螺纹。目镜越长，放大倍数_______。,无螺纹。目镜越长，放大倍数越小。
生物,十、显微镜的结构和使用,(2)显微镜的物镜：_______螺纹。物镜_______，放大倍数越大,有螺纹。物镜越长，放大倍数越大
生物,十、显微镜的结构和使用,(3)显微镜的________:是安装物镜的部位，转动转换器，可以调换不同倍数的物镜。,转换器
生物,十、显微镜的结构和使用,(4)显微镜的________:有平、凹两面，________适于光线较弱的时候使用，________适于光线较强时使用。,反光镜；凹；平面镜
生物,十、显微镜的结构和使用,(5)显微镜的________:指遮光器上的孔，转动遮光器可以调节光圈的大小，以调节视野的明亮程度。,光圈
生物,十、显微镜的结构和使用,(6)显微镜的________:转动时可使镜筒快速和较大幅度地升降，观察时用来找物像；,粗准焦螺旋
生物,十、显微镜的结构和使用,(7)显微镜的________:找到物像后换细准焦螺旋微调，使物像更加清晰。,细准焦螺旋
生物,十、显微镜的结构和使用,2.显微镜放大倍数=物镜________x________放大倍数,物镜放大倍数x目镜放大倍数
生物,十、显微镜的结构和使用,"(1)放大倍数越_____,视野范围越_____,看到的细胞数目越多，光线越亮；",小，大
生物,十、显微镜的结构和使用,"(2)放大倍数越_____,视野范围越_____,看到的细胞数目越少，光线越暗。",大，小
生物,十、显微镜的结构和使用,"3.从显微镜目镜内看到的物像是________,如字母“b”看到的成像是“q”。",倒像
生物,十、显微镜的结构和使用,4.如果要将物像往视野中央移动，物像在哪里，就往哪个方向移动玻片标本(_______________)(如：要将物像移到视野中央，物像在视野左边，就朝左边移玻片),像在哪往哪移
生物,十、显微镜的结构和使用,低倍镜换高倍镜的使用步骤：(1)________动玻片到视野_________;,移；中央
生物,十、显微镜的结构和使用,低倍镜换高倍镜的使用步骤：(2)________动转换器_______________;,转；换高倍物镜
生物,十、显微镜的结构和使用,低倍镜换高倍镜的使用步骤：(3)视野会________(可换用_______________);,变暗；大光圈，凹面镜
生物,十、显微镜的结构和使用,"低倍镜换高倍镜的使用步骤：(4)视野会变模糊(_______________________,千万不能动粗准焦螺旋)。",转动细准焦螺旋
生物,十、显微镜的结构和使用,6.光线强：________________________;光线弱：_______________________。,光线强：用小光圈，平面镜；光线弱：用大光圈，凹面镜
生物,十、显微镜的结构和使用,7.污点位置确认：视野中的污点只能在_______________________上，转动目镜，污点随之移动，则污点在目镜上；移动玻片，污点移动，则污点在玻片上；转动目镜和移动玻片，污点均不动，则污点在物镜上。,目镜、物镜和玻片
生物,十、显微镜的结构和使用,8.显微镜的使用步骤：取镜和安放→________→观察→清洁和收镜,对光
生物,十、显微镜的结构和使用,显微镜使用中取镜和安放，右手握镜臂，左手托镜座，放在距离试验台缘约___厘米，装好目镜物镜；,7
生物,十、显微镜的结构和使用,"显微镜的使用步骤中对光：
一转动________，使低倍镜对准通光孔，
二移动________，把一个较大光圈对准通光孔，一只眼注视目镜，另一只眼睁开，
三转动________，直到看到一个圆形亮白的视野；","一转动转换器；二移动遮光器；三转动反光镜
"
生物,十、显微镜的结构和使用,"显微镜的使用步骤中观察：将标本放在载物台，正对通光孔中心；
顺时针转动________，使________缓缓下降，眼睛从侧面看着物镜；
一只眼看________，逆时针转动粗准焦螺旋，使镜筒缓缓上升至________，再调节细准焦螺旋，使看到的物象________。","顺时针转动粗准焦螺旋，使镜筒缓缓下降，眼睛从侧面看着物镜；
一只眼看目镜，逆时针转动粗准焦螺旋，使镜筒缓缓上升至看清物象，再调节细准焦螺旋，使看到的物象更清晰"
生物,十、显微镜的结构和使用,"顺时针转动________________,使________缓缓降，眼睛从_______________一只眼看________,逆时针转动粗准焦螺旋，使镜筒缓缓上升至_______________再调节_______________,使看到的物象",且镜；看清物象；细准焦螺旋
生物,十、显微镜的结构和使用,显微镜的使用步骤中清洁与收镜将显微镜外表擦拭干净，下降镜筒，用________擦拭目镜和物镜，放回原处,擦镜纸
生物,十一、细胞的结构和生活,1.细胞的结构和生活主题：除_____以外，生物都是由______构成的。_____是生命活动的_______________。,除病毒以外，生物都是由细胞构成的。细胞是生命活动的基本单位。
生物,十一、细胞的结构和生活,"2.植物洋葱鳞片叶内表皮细胞临时装片的制作：
擦→滴()→撕(撕取叶内表皮)→展→盖→染(用稀碘液染色)→吸。",滴(清水)
生物,十一、细胞的结构和生活,"3.动物口腔上皮细胞临时装片的制作：
擦→滴()→刮→涂→盖→染(用稀碘液染色)→吸。",滴(生理盐水)
生物,十一、细胞的结构和生活,★细胞实验中滴加生理盐水的作用是为了维持______________正常形态。,维持细胞的正常形态
生物,十一、细胞的结构和生活,★细胞实验中盖盖玻片时要使其一边先接触液滴，然后缓缓放下另一边，避免出现_______________,避免出现气泡。
生物,十一、细胞的结构和生活,"4.显微镜观察植物细胞，不易看到的是_______________,染色最深的是_______________",显微镜观察植物细胞，不易看到的是细胞膜，染色最深的是细胞核
生物,十一、细胞的结构和生活,"5.生物图绘图注意：绘图采用___________,图中较暗的地方，要用铅笔___________
越暗的地方，细点越多。在图___________写好名称，文字说明一般注在图的_________侧。",绘图采用3H铅笔，图中较暗的地方，要用铅笔点细点，不能涂阴影；越暗的地方，细点越多。图下方写好名称，文字说明一般注在图的右侧
生物,十一、细胞的结构和生活,6.动、植物细胞结构相同点：植物和动物细胞都有、_______________、_________和_________。,都有细胞膜、细胞质、细胞核和线粒体
生物,十一、细胞的结构和生活,动、植物细胞结构不同点：植物细胞有_______________，动物细胞没有_______________,植物细胞有细胞壁、液泡、叶绿体，动物细胞没有细胞壁、液泡、叶绿体
生物,十一、细胞的结构和生活,7.★非绿色部分的植物细胞没有叶绿体，如表皮细胞、根尖细胞等。只有_________的细胞没有_________,只有动物的细胞没有细胞壁
生物,十一、细胞的结构和生活,"细胞的生活需要_____________和_______________,细胞中的能量转换器是_____________和_______________",细胞的生活需要物质和能量，细胞中的能量转换器是叶绿体和线粒体。
生物,十一、细胞的结构和生活,★只有_______________的细胞有叶绿体；但是植物细胞都有线粒体。动物细胞的能量转换器只有线粒体。,植物的绿色部分的细胞有叶绿体
生物,十一、细胞的结构和生活,"8.叶绿体能进行____作用，将____能转化成____能,储存在有机物中；","叶绿体能进行光合作用，将光能转化成化学能,储存在有机物中；"
生物,十一、细胞的结构和生活,线粒体能进行____作用，将有机物中的____能转化成生命活动所需的能量,线粒体能进行呼吸作用，将有机物中的化学能转化成生命活动所需的能量
生物,十一、细胞的结构和生活,"9.细胞核是细胞的_______________,含有遗传物质DNA,控制着生物的__________和_______________。","细胞核是细胞的控制中心，含有遗传物质DNA,控制着生物的遗传和发育"
生物,十一、细胞的结构和生活,10.细胞组成部分①________:保护和支持；②____________:保护和控制物质进出③_____:内含细胞液(花香瓜甜带有色素)④___________:含有细胞器，能进行物质交换,"细胞壁:保护和支持细胞膜：保护和控制物质进出
液泡：内含细胞液(花香瓜甜带有色素)细胞质：含有细胞器，能进行物质交换"
生物,十二、生物体的结构层次,1.生物体的结构层次主题：生物体由小长大的原因是细胞______，细胞______，细胞______，,细胞生长、细胞分裂和细胞分化
生物,十二、生物体的结构层次,(1)生物细胞分裂：细胞数目____,数目增加
生物,十二、生物体的结构层次,(2)生物细胞生长：细胞体积____,体积增大
生物,十二、生物体的结构层次,"(3)生物细胞分化：细胞种类______(数目不变),细胞的___________发生变化_,形成组织。",种类增加，形态、功能发生变化
生物,十二、生物体的结构层次,(1)植物细胞分裂：_______________先由一个分成两个→分成两份→中央_______________________________,细胞核，细胞质，形成新的细胞壁和细胞膜；
生物,十二、生物体的结构层次,"细胞分裂过程中，______变化最明显，它______,然后_______________,分别_______________因此新细胞染色体_______________与原细胞中染色体的形态和数目(新老细胞遗传物质一样)。",染色体，先复制，平均分成两份，进入两个细胞
生物,十二、生物体的结构层次,动物_____组织功能：保护、分泌，举例：人口腔上皮、腺体,上皮，
生物,十二、生物体的结构层次,动物_____组织功能连接、支持、保护、营养，举例：_____、骨组织、_____,结缔，血液，肌腱
生物,十二、生物体的结构层次,动物_____组织功能收缩、舒张，举例：_____、心肌、平滑肌,肌肉，肌腹
生物,十二、生物体的结构层次,动物_____组织功能产生兴奋、传导兴奋，举例：脑、脊髓,神经，
生物,十二、生物体的结构层次,植物_____组织特征：细胞核大，壁薄，质浓，分布根尖____、茎的____、芽的____功能是分裂产生新细胞,分生，根尖分生区、茎的形成层、芽的生长点
生物,十二、生物体的结构层次,植物_____组织特征：细胞排列_____、分布在叶表皮、果皮等功能是保护作用。,保护，整齐、紧密
生物,十二、生物体的结构层次,"植物_____组织特征：____,壁薄，分布在果肉、叶肉、胚乳等功能是储存营养物质。",营养，液泡大
生物,十二、生物体的结构层次,植物_____组织特征：导管是死细胞，筛管是活细胞，分布在木质部(导管)、韧皮部(筛管)，功能是运输营养,输导
生物,十二、生物体的结构层次,"植物_____组织特征：____,分布在茎、叶柄等处，功能是支持和保护。",机械，细胞壁增厚
生物,十二、生物体的结构层次,5.绿色开花植物的六大器官是：___、___、___是营养器官，___、___、___是生殖器官,根、茎、叶是营养器官，花、果实、种子是生殖器官
生物,十二、生物体的结构层次,6.植物结构层次(由微观到宏观):___→组织→_______→个体。(植物没有系统),细胞→组织→器官→个体。
生物,十二、生物体的结构层次,7.人体结构层次(由微观到宏观):___→___→___→___→___,细胞→组织→器官→系统→个体
生物,十三、单细胞生物,1.生物圈中，还有一些生物的身体是由_______________构成的，称为_______________(不是分类学专门的分类)。,一个细胞；单细胞生物
生物,十三、单细胞生物,单细胞生物例如：___________________________________________________________________________等(衣藻两菌三虫)。,衣藻、酵母菌、大肠杆菌、草履虫、变形虫、眼虫
生物,十三、单细胞生物,★衣藻属于________;酵母菌属于________;大肠杆菌属于________;三虫都属于_______________,衣藻属于植物：酵母菌属于真菌：大肠杆菌属于细菌：三虫都属于原生生物
生物,十三、单细胞生物,★常考：疟原虫会引起________。,疟疾
生物,十三、单细胞生物,"2.草履虫的生殖方式：_______________,通过细胞分裂产生新的个体",分裂生殖
生物,十三、单细胞生物,"3.草履虫生活在淡水中，通过________呼吸，靠________运动，食物通过________进入细胞内，形成________,逐渐被消化。",表膜；纤毛；口沟；食物泡
生物,十三、单细胞生物,草履虫不能消化的食物残渣靠________排出，而体内多余的水分和废物是由______收集_____排出体外。,胞肛；收集管；伸缩泡
生物,十三、单细胞生物,4.在观察草履虫的实验中，应用滴管从草履虫培养液_______吸一滴来观察，原因是_______________,表层；表层含氧丰富
生物,十三、单细胞生物,"5.草履虫运动过快，在液滴上放上_______________,目的是___________________，用_____显微镜观察。",几丝棉花纤维；限制草履虫运动过快，方便观察。低倍
生物,十四、绿色植物的主要类群,1.植物的分类：植物类型包括孢子植物和种子植物；孢子植物包括________，苔藓，蕨类；种子植物包括裸子植物和_______植物_。,孢子植物包括藻类，苔藓，蕨类；种子植物包括裸子和被子。
生物,十四、绿色植物的主要类群,藻类植物生活环境大多在_____中，其形态结构是单细胞或多细胞，无________的分化，代表植物有______、______海带、紫，其用途是_____重要来源。,水；根、茎、叶；衣藻、水棉；氧气
生物,十四、绿色植物的主要类群,苔藓植物生活环境在阴暗潮湿的陆地上，其形态结构有______的分化，有___根。无______组织，代表植物有葫芦藓、地钱，其用途是监测_____的指示植物。,茎和叶;假;输导；空气污染
生物,十四、绿色植物的主要类群,蕨类植物生活环境在潮湿的环境里，其形态结构有____的分化，____输导组织，代表植物有______、贯众、杪椤、满江红，其用途是形成__。,根、茎、叶；有；卷柏；煤
生物,十四、绿色植物的主要类群,裸子植物生活环境在干旱、贫瘠中，其形态结构是种子____，________果皮包被的分化，代表植物有松、杉、柏、银杏、苏铁，其用途是绿化、提供木材。,裸露；没有
生物,十四、绿色植物的主要类群,被子植物生活环境在各种环境中，其形态结构是种子___果皮包被，代表植物有绿色开花植物，其用途是食用、木材等分布最广，种类最多。,有
生物,十四、绿色植物的主要类群,"2.果实=________+_______________,种子=________+_______________+()",果实=果皮+种子，种子=种皮+胚+(胚乳)
生物,十四、绿色植物的主要类群,"双子叶植物和单子叶植物的相同点：种皮：保护内部结构;胚：包括_______________________________,是新植物的幼体，种子的主要部分。",胚根、胚轴、胚芽和子叶
生物,十四、绿色植物的主要类群,双子叶植物和单子叶植物的不同点：双子叶植物：只有种皮；______子叶；_____________；营养物质贮存在_____；代表植物有菜豆、蚕豆、花生、大豆等。,2片；无胚乳；子叶
生物,十四、绿色植物的主要类群,双子叶植物和单子叶植物的不同点：单子叶植物：种皮和果皮愈合在一起；_____子叶；有胚乳；营养物质贮存在胚乳；玉米、水稻、小麦、高粱等,1片；有胚乳；胚乳
生物,十五、种子的萌发和植株的生长,1.种子萌发的外界条件是_________、_________、_________。,一定的水分；适宜的温度；充足的空气
生物,十五、种子的萌发和植株的生长,2.种子萌发的自身条件是_________、_________、_________。,饱满的种子；完整、有活力的胚；不在休眠期
生物,十五、种子的萌发和植株的生长,"3.种子萌发的过程：种子先吸水膨胀，子叶或胚乳营养的转运，_________突破种皮发育成_____,胚轴伸长发育成_______________,胚芽发育成________",胚根最先；根；连接根和茎的部位；茎和叶
生物,十五、种子的萌发和植株的生长,4.根尖由上向下的结构及其功能：________区、________区、________区、根冠功能。,成熟；伸长;分生
生物,十五、种子的萌发和植株的生长,根尖由上向下的结构及其功能：成熟区功能：有__________,根毛，吸水和无机盐
生物,十五、种子的萌发和植株的生长,根尖由上向下的结构及其功能：伸长区功能：________最快的部位,生长
生物,十五、种子的萌发和植株的生长,根尖由上向下的结构及其功能：分生区功能：________,分裂
生物,十五、种子的萌发和植株的生长,根尖由上向下的结构及其功能：根冠功能：________,保护
生物,十五、种子的萌发和植株的生长,★幼根的生长：一方面靠____________细胞的分裂_______________________;另一方面靠_____________细胞的__________。,分生区；增加细胞的数量；伸长区；体积增大
生物,十五、种子的萌发和植株的生长,"5.枝条是由____发育成的，幼叶发育成____,芽轴发育成____，芽原基发育成________。(芽中含有分生组织(生长点),细胞分裂、分化后产生新的细胞)",芽；叶；茎；芽
生物,十五、种子的萌发和植株的生长,6.植物生长需要多种营养物质：______________________________,水、无机盐和有机物
生物,十五、种子的萌发和植株的生长,★水和无机盐是根从土壤中________的，有机物是叶片通过_______________的；肥料的作用主要是___________。,吸收；光合作用制造;提供无机盐
生物,十五、种子的萌发和植株的生长,7.植物生长需要最多的是_____________________________________。,含氮、含磷、含钾的无机盐
生物,十五、种子的萌发和植株的生长,植物生长需要(1)含氮无机盐：促使枝叶更茂盛，若缺乏叶片_______________________,发黄、植株矮小
生物,十五、种子的萌发和植株的生长,植物生长需要(2)含磷无机盐：促进_______________若缺乏叶片暗绿色，甚至紫色，植物矮小；,开花结果
生物,十五、种子的萌发和植株的生长,"植物生长需要(3)含钾无机盐：促进_______________________,若缺乏叶片边缘和尖端呈褐色，________。",茎和根的生长；易倒伏
生物,十六、开花和结果,1.花最重要的结构是________(包括________和________)。,花蕊；雄蕊；雌蕊
生物,十六、开花和结果,雌蕊包括________、________、________(子房里有___________胚珠，一个胚珠中一般只有一个卵细胞)。,柱头、花柱；子房；一个或多个
生物,十六、开花和结果,"雄蕊包括_______________、_______(花药里有________,一粒花粉中有________精子)。",花丝；花药；花粉；两个
生物,十六、开花和结果,★.________和________是绿色开花植物形成果实和种子必须要经历的两个重要生理过程。,传粉和受精
生物,十六、开花和结果,2.花粉从________落到________上的过程叫传粉(分为自花传粉和异花传粉)。异花传粉的媒介有两种：________和________。,花药；柱头；风；昆虫
生物,十六、开花和结果,"3.被子植物双受精：一个________和________融合形成_______________,将来发育成________",精子；卵细胞；受精卵；胚
生物,十六、开花和结果,"被子植物双受精：另一个________和_______________融合形成_______________,将来发育成_________。",精子；两个极核；受精极核；胚乳
生物,十六、开花和结果,"4.受精后子房发育成________,子房壁发育成________,胚珠发育成________,珠被发育成________。",果实；果皮；种子；种皮
生物,十六、开花和结果,★子房数=果实数；胚珠数=____________________,种子数
生物,十六、开花和结果,5.为了弥补自然传粉的不足，人们常常给植物进行_______________________,人工辅助授粉
生物,十七、蒸腾作用,"1.植物的木质部中有________(自___向____运输_______________),韧皮部中有________(自____向____运输________),木本植物的木质部和韧皮之间有形成层，能不断分裂，使茎长粗。","植物的木质部中有导管(自下向运输水和无机盐),韧皮部中有筛管(自上向
下运输有机物)"
生物,十七、蒸腾作用,2.叶片的基本结构是________、________、________。,表皮；叶肉；叶脉
生物,十七、蒸腾作用,"叶片的表皮：特征是无色透明，_______________,属于________组织，具有保护功能",不含叶绿体；保护
生物,十七、蒸腾作用,"叶片的叶肉：特征是________,属于_____组织，功能是进行光合作用的主要场所",含有叶绿体；营养
生物,十七、蒸腾作用,"叶片的叶脉：特征是有________,属于_____组织和_____组织，功能是导管运输水分和无机盐；筛管运输有机物",导管和筛管；机械；输导
生物,十七、蒸腾作用,"★叶片气孔：分布在表皮(下表皮较___),是由________半月形的_____________________围成的空腔。它是____________________________________________________________________","下表皮较多；一对；保卫细胞(含叶绿体)；蒸腾作用的“门户”,也是气体交换的“窗口”"
生物,十七、蒸腾作用,3.蒸腾作用是土壤中的水，由根尖的_______________(________吸收进入根内，然后依次通过通过根、茎、叶内的________输送到叶肉细胞，最后以________的状态通过叶的________散发到空气中。,成熟区；根毛；导管；气体；气孔
生物,十七、蒸腾作用,★水分运输途径：土壤溶液中的水分→_______→成熟区的导管→茎部木质部的_______→叶的_______中的导管→叶肉细胞→_______→散失到大气中。,根毛细胞；导管；叶脉；气孔
生物,十七、蒸腾作用,"★根适于吸收水分的特点：成熟区生有大量的________,增加了吸水的________",根毛；表面积
生物,十七、蒸腾作用,4.蒸腾作用对植物自身的意义：____________________________________________________________________,"运输水分的动力，促进植物对水和无机盐的运输：
降低叶片表面的温度，避免因高温被灼伤；"
生物,十七、蒸腾作用,蒸腾作用对环境的意义____________________________________________________________________★蒸腾作用可以促进植物对水分的吸收，但不能促进对无机盐的吸收。,提高空气湿度，增加降雨，促进生物圈的水循环。
生物,十七、蒸腾作用,5.带土移栽的目的是：_______________________,保护幼根和根毛
生物,十七、蒸腾作用,植物阴天或傍晚移栽、去掉部分枝叶移栽的目的是：_______________,降低蒸腾作用
生物,十七、蒸腾作用,6.光合作用的表达式：二氧化碳+水——→有机物(储存能量)+氧气,二氧化碳+水有机物(储存能量)十氧气
生物,十七、蒸腾作用,光合作用的________是二氧化碳和水；________是有机物和氧气；________是光；________是叶绿体；能量转换是______________________________,原料；产物；条件；场所；光能转变成化学能
生物,十七、蒸腾作用,7.光合作用的实质：______________________________,制造有机物，储存能量
生物,十七、蒸腾作用,"8探究“绿叶在光下制造有机物”实验：
步骤1.______:把植物放置在黑暗处一昼夜，目的是_____________________________________________",暗处理；将叶片中原有的淀粉运走或耗尽；
生物,十七、蒸腾作用,"探究“绿叶在光下制造有机物”实验
步骤2_______:用黑纸片将叶片部分遮光，是为了设置________实验，变量是________。",选叶遮光；对照；光照
生物,十七、蒸腾作用,"探究“绿叶在光下制造有机物”实验
步骤3___________:将叶片用_______________加热，溶解掉叶片中的叶绿素，褪去绿色。",脱色处理；酒精隔水
生物,十七、蒸腾作用,"探究“绿叶在光下制造有机物”实验
步骤4___________:滴加碘液检测叶片中是否含有淀粉，观察到叶片见光部分._________,遮光部分.。由此可得出实验结论：绿叶在下制造________。",变蓝；不变蓝；光；淀粉
生物,十七、蒸腾作用,9.影响因素：_______________、_______________________、____________________、叶绿体。,二氧化碳的浓度、光照时间和强度、水
生物,十七、蒸腾作用,10.光合作用意义：(1)制造的________________用来构建植物体，也为其他生物提供食物来源；,有机物
生物,十七、蒸腾作用,"(2)为动、植物的呼吸提供________,维持生物圈中二氧化碳和氧气的平衡(___________________)。",氧气；碳——氧平衡
生物,十七、蒸腾作用,"(1)充分利用光照：a._______________;b.间作套种；
(2)增加二氧化碳浓度(_________);
(3)延长光照时间和增加光照强度。",合理密植；气肥
生物,十九、呼吸作用,1.呼吸作用的表达式：氧气+有机物—线粒体—二氧化碳+水+能量,线粒体二氧化碳+水+能量
生物,十九、呼吸作用,呼吸作用的原料是_______________;产物是_________________；部位是________________________；场所是_______________。,有机物和氧气；二氧化碳和水；部位是所有的活细胞；场所是线粒体
生物,十九、呼吸作用,呼吸能量转换是_______________________________________。,化学能转变成细胞直接能利用的能量
生物,十九、呼吸作用,2.呼吸作用的实质：___________________________________。,分解有机物，释放能量
生物,十九、呼吸作用,"3.测量正在萌发的种子内的温度________,说明种子的________作用________________",上升；呼吸；释放能量
生物,十九、呼吸作用,"4.产生的气体使澄清的石灰水变________,说明种子的作用_______________________",浑浊；呼吸；产生了二氧化碳
生物,十九、呼吸作用,5.使燃烧的蜡烛熄灭，说明种子的________作用_______________________,呼吸；消耗了氧气
生物,十九、呼吸作用,6.粮食在入仓前一定要干,晒干
生物,十九、呼吸作用,储藏水果、蔬菜时________________(如充加氮,降低含氧量
生物,十九、呼吸作用,呼吸影响温度：随温度升高而加强，过高又减弱；应用于储藏蔬菜、水果、粮食时_________________,保持低温
生物,十九、呼吸作用,呼吸影响水分：随植物含水量的增加而增强，应用于粮食在入仓前一定要________,晒干
生物,十九、呼吸作用,呼吸影响氧气：一定浓度内随氧的浓度增加而增强，应用于储藏水果、蔬菜时__________(如充加氮气、二氧化碳),降低含氧量
生物,十九、呼吸作用,二氧化碳影响二氧化碳：二氧化碳浓度大时，受到抑制，应用于_________________延长水果、蔬菜的储藏时间,充加二氧化碳
生物,十九、呼吸作用,"7.呼吸作用原理在生活中的应用
(1)__________________:储存粮食、果蔬保鲜必须保证三“低”:_______、__________、________(干燥);",降低呼吸作用；低温、低氧、低含水量
生物,十九、呼吸作用,"呼吸作用原理在生活中的应用
(2)__________________:中耕松土、及时排涝，保证根部有充足的氧气。",促进呼吸作用：中耕松土、及时排涝，保证根部有充足的氧气。
生物,十九、呼吸作用,________是生物的共同特征；任何活细胞_______________都进行呼吸作用。,呼吸作用；每时每刻
生物,十九、呼吸作用,"8.绿色植物在维持生物圈碳一氧平衡中的作用
(1)绿色植物通过光合作用，不断消耗大气中的二氧化碳，又将氧气排放到大气中，对维持生物圈的二氧化碳和氧气的相对平衡(简称._______________)起了重要作用。
(2)要维持生物圈的碳一氧平衡，一方面要保护现有的森林，并大力植树造林，充分发挥植物消耗二氧化碳、制造氧气的功能；另一方面要开展国际合作，减少二氧化碳的排放。",碳——氧平衡
生物,二十、人的由来和生殖,1.________________的进化论认为现代类人猿和人类的共同祖先是_____________。_________是人猿分界的标志。,达尔文；森林古猿；直立行走
生物,二十、人的由来和生殖,★从猿到人进化的原因是地形和气候的剧烈变化，______________________________________,直接原因是森林大量消失
生物,二十、人的由来和生殖,2.现代类人猿包括：大猩猩、黑猩猩、长臂猿和猩猩，________与人类亲缘关系最接近。,黑猩猩
生物,二十、人的由来和生殖,3.男性主要生殖器官是________它的作用是产生________和分泌_______________。,睾丸；精子；雄性激素
生物,二十、人的由来和生殖,"女性主要生殖器官是_______,它的作用是产生________和分泌_______________",卵巢；卵细胞；雌性激素
生物,二十、人的由来和生殖,4.胚胎发育初期所需要的营养来自________;胚胎8周左右发育成胎儿后，通过________从母体获取营养物质和排出废物，其中________和母体物质交换的主要器官。,卵黄；胎盘、脐带；胎盘
生物,二十、人的由来和生殖,5.人的新生命发育的起点是________;受精卵结合的场所是_________;胚胎发育的场所是_____________________,受精卵；输卵管；子宫
生物,二十、人的由来和生殖,6.青春期的身体变化：(1)_______________是最显著特征；,身高突增
生物,二十、人的由来和生殖,青春期的身体变化：(2)_______________及内脏(心肺)功能增强；,神经系统
生物,二十、人的由来和生殖,"青春期的身体变化：(3)_______________________是青春发育的突出特征，男孩出现________,女孩出现________等正常现象以及出现_______________。",性发育和性成熟；遗精；月经；第二性征
生物,二十、人的由来和生殖,★青春期是人一生中________和_______________的黄金时期。,身体发育；智力发展
生物,二十一、人的营养,1.食物中含有六类营养物质：______、________、________、___________、__________、____________。,糖类、脂肪、蛋白质、水、无机盐和维生素
生物,二十一、人的营养,(1)________是人体________供能物质：________是________能源；________是建造和修复身体的________,糖类是人体主要供能物质：脂肪是备用能源；蛋白质是建造和修复身体的重要原料，提供能量
生物,二十一、人的营养,"(2)________约占体重________,人体内的营养物质以及尿素等废物，只有溶解在水中才能运输。",水；60-70%
生物,二十一、人的营养,"(3)________是一类比较简单的有机物，种类很多，________构成细胞的________,不为人体________,但却是人体内不可缺少的营养物质。",维生素；不是；主要原料
生物,二十一、人的营养,"2.缺乏症状：
无机盐的种类：含_______的无机盐，缺乏时的症状：________、________，维生素种类是维生素______，缺乏时的症状夜盲症、皮肤干燥，食物来源：肝、乳制品、胡萝卜等",含钙的无机盐；佝偻病、骨质疏松症；维生素A；夜盲症
生物,二十一、人的营养,无机盐的种类：含_______的无机盐，缺乏时的症状：厌食、贫血、肌无力，维生素种类是维生素______，缺乏时的症状______、神经炎，食物来源：糙米、花生、瘦肉等,含磷的无机盐；厌食、贫血、肌无力；维生素B；脚气病
生物,二十一、人的营养,无机盐的种类：含_______的无机盐，缺乏时的症状：________，维生素种类是维生素______，缺乏时的症状______神经炎，食物来源：水果、蔬菜等,含铁的无机盐；缺铁性贫血；维生素C；坏血病
生物,二十一、人的营养,无机盐的种类：含_______的无机盐，缺乏时的症状：________，维生素种类是维生素______，缺乏时的症状______、骨质疏松症，食物来源：动物肝脏以及牛奶等,含碘的无机盐；地方性甲状腺肿；维生素D；佝偻病
生物,二十一、人的营养,无机盐的种类：含_______的无机盐，缺乏时的症状：________。,含锌的无机盐；生长发育不良
生物,二十一、人的营养,"3.消化系统的组成：消化道和消化腺。
消化道包括：口腔→咽→____→胃→小肠→______→肛门。",食道；大肠
生物,二十一、人的营养,消化腺包括：唾液腺(分泌唾液)、胃腺(分泌胃液)、肝脏(分泌胆汁(_________)、胰腺(分泌胰液)、肠腺(分泌肠液),不含消化酶
生物,二十一、人的营养,"4.食物的消化
(1)________消化：牙齿的咀嚼、舌的搅拌和胃、肠的蠕动，将食物磨碎、搅拌，并与消化液混合。",物理性
生物,二十一、人的营养,"食物的消化
(2)________消化：通过各种消化酶的作用，使食物中各种成分________为可以吸收的营养物质。",化学性
生物,二十一、人的营养,"5.三大物质消化：
_______________：淀粉通过口腔中的唾液淀粉酶(唾液)生成麦芽糖，再通过小肠中酶(肠液、胰液)变为葡萄糖。
",淀粉的消化(口腔、小肠)
生物,二十一、人的营养,_______________：蛋白质通过胃中的酶(胃液)生成多肽；再通过小肠中酶(肠液、胰液)变为氨基酸,蛋白质的消化(胃、小肠)
生物,二十一、人的营养,_______________:脂肪通过小肠中的胆汁生成脂肪小颗粒，再通过小肠中酶(肠液、胰液)变为甘油+脂肪酸,脂肪的消化(小肠)
生物,二十一、人的营养,6.小肠适于消化和吸收的特点(________),长大多薄
生物,二十一、人的营养,小肠适于消化和吸收的特点(1)长：小肠细且________有利于_______________,长；消化和吸收
生物,二十一、人的营养,小肠适于消化和吸收的特点(2)大：小肠内有皱襞和绒毛，增大消化和吸收表面积，有利于_______________;,消化和吸收
生物,二十一、人的营养,小肠适于消化和吸收的特点(3)多：小肠内消化液和消化酶种类最.有利于________;,消化
生物,二十一、人的营养,小肠适于消化和吸收的特点(4)薄：小肠绒毛且内有丰富的毛细血管和淋巴管，管壁都只由一层上皮细胞组成，有利于___________,吸收
生物,二十一、人的营养,7.合理营养(_______________的营养)与食品安全,全面而平衡
生物,二十一、人的营养,(1)合理营养(1)合理搭配食谱，早、中、晚餐的能量各占_______________________。,30%、40%、30%
生物,二十一、人的营养,(2)“平衡膳食宝塔”:需求由多到少分别是________、蔬菜水果类、肉蛋类、奶类和豆类、最少是________。,谷类；油脂类
生物,二十一、人的营养,(3)绿色食品是指__________、______________、________的食品。,无污染、安全、优质
生物,二十二、人体的呼吸,1.人体的呼吸系统是由________和肺组成。,呼吸道
生物,二十二、人体的呼吸,2.呼吸道的组成：鼻腔→咽→喉→________→支气管。,气管
生物,二十二、人体的呼吸,"呼吸道是________________的通道,保证气体顺畅通过，使到达肺部的气体________，但能力有限。",呼吸道是气体进出的通道，保证气体顺畅通过，使到达肺部的气体清洁、温暖、湿润，但能力有限
生物,二十二、人体的呼吸,★咽是消化道和呼吸道的_______________。,共同器官
生物,二十二、人体的呼吸,★会厌软骨：______________________________,防止食物误入气管
生物,二十二、人体的呼吸,★气管是_____形成的部位。,痰
生物,二十二、人体的呼吸,"膈肌收缩位置下降膈肌舒张位置上升3.吸气时，呼吸肌.,膈顶________,胸廓容积________,肺内气压________气体________。呼气时，呼吸肌________,膈顶________,胸廓容积________,肺内气压________,气体________。",下降；增大；下降；舒张；上升；位置上升
生物,二十二、人体的呼吸,(1)肺与外界的气体交换又叫______________________________________(吸气、呼气),肺的通气
生物,二十二、人体的呼吸,3.吸气时，呼吸肌______膈顶______，胸廓容积______，肺内______，气体入肺。,收缩；下降；增大；气压下降
生物,二十二、人体的呼吸,呼气时，呼吸肌______，膈顶______，胸廓容积______，肺内______，气体出肺。,舒张；上升；减小；气压上升
生物,二十二、人体的呼吸,"4.人体的气体交换
(1)肺与外界的气体交换又叫________，原理：________(吸气、呼气)",肺的通气；呼吸运动
生物,二十二、人体的呼吸,"★人体呼出的气体和吸入的空气相比，氧气的含量________,二氧化碳的含量________。",减少；增多
生物,二十二、人体的呼吸,(2)①肺泡处的气体交换原理：______________________,气体的扩散作用。
生物,二十二、人体的呼吸,②肺泡处气体交换是：肺泡吸入氧气到血液，然后由血液中的______到肺泡。,二氧化碳
生物,二十二、人体的呼吸,③肺泡处的气体交换结果：血液与组织细胞之间的气体交换，使血液由_______________________,静脉血变成动脉血
生物,二十二、人体的呼吸,(3)①组织细胞处的气体交换原理：___________________________,气体的扩散作用
生物,二十二、人体的呼吸,②组织细胞处的气体交换是：血液中的________到血液组织细胞处，然后组织细胞处中的二氧化碳到血液,氧气
生物,二十二、人体的呼吸,③组织细胞处的气体交换结果：血液与组织细胞之间的气体交换，使血液由__________________。,动脉血变成静脉血
生物,二十二、人体的呼吸,5.肺泡适于气体交换的结构特点：(___________),两多两薄
生物,二十二、人体的呼吸,(1)肺泡多，肺泡外包裹的___________(丰富的毛细血管)。,毛细血管多
生物,二十二、人体的呼吸,"(2)________和_______________都只由_______________构成，都_____,有利于进行气体交换。",肺泡壁；毛细血管壁；一层上皮细胞；薄
生物,二十二、人体的呼吸,6.空气中的氧进入血液中的红细胞内，需经过_______________经过_______________(只进入血液则经过_______________)。,2层细胞；5层细胞膜；4层细胞膜
生物,二十三、血液循环系统,1.血液属于________组织，由________和________组成。,结缔；血浆；血细胞
生物,二十三、血液循环系统,血浆成分：水(90%)、________(7%)、葡萄糖、无机盐和尿素等血液________红细胞：运载氧气和部分二氧化碳,蛋白质
生物,二十三、血液循环系统,血浆功能：运载________，运输营养和________,血细胞；代谢废物
生物,二十三、血液循环系统,"血细胞分为红细胞，白细胞和________。
红细胞：运载________和部分二氧化碳
白细胞：________
血小板：凝血和止血",血小板；氧气；防御和保护
生物,二十三、血液循环系统,红细胞形态特点两面凹的圆饼状，富含血红蛋白(铁)，成熟后________无核。数量________，有运输氧和部分二氧化碳的功能，说明红细胞________是贫血,无核；最多；缺少
生物,二十三、血液循环系统,白细胞形态特点________，形态多样，_____核，数量最少，有吞噬病菌，防御和保护的功能，说明白细胞多有炎症。,最大；有核
生物,二十三、血液循环系统,血小板形态特点________，不规则，无核。数量较少，有凝血和止血的功能，说明血小板少有出血异常，血小板多有________。,最小；血栓
生物,二十三、血液循环系统,动脉功能送血________，分布较深，结构特点是管壁________，弹性________，管径________。,出心；管壁较厚，弹性大，管径小
生物,二十三、血液循环系统,静脉功能送血________，分布较浅，结构特点是管壁________，弹性________，管径________。,回心；管壁较薄，弹性小，管径大
生物,二十三、血液循环系统,毛细血管功能连接最小________和最小________物质交换的场所，分布广，遍布________，结构特点是管壁________，只由一层上皮细胞构成管径最小，只允许________单行通过。,最小动脉和最小静脉；全身；最薄；红细胞
生物,二十三、血液循环系统,★四肢静脉有________，防止血液倒流；,静脉瓣
生物,二十三、血液循环系统,★“把脉”把的是________；所谓的“________”是静脉血管，用于抽血或输血、输液。,动脉；青筋
生物,二十三、血液循环系统,★血液在三种血管中的流动方向：一般由________________________________________________________________。,最小动脉→毛细血管→最小静脉
生物,二十三、血液循环系统,肾小球为特殊的毛细血管球，其血流方向为________________________________________________________________。,入球小动脉→肾小球→出球小动脉
生物,二十三、血液循环系统,3.心脏：血液循环的________器官。心脏壁主要是由________组织构成，心室的壁比________，最厚的是________。,动力；肌肉；心房厚；左心室
生物,二十三、血液循环系统,血管连接情况(房连静，室连动):右心房——上、下腔静脉；左心房——________；右心室——________；左心室——________,肺静脉；肺动脉；主动脉
生物,二十三、血液循环系统,"(1)心房与心室之间有________(只向心室开),保证血液从心房→心室，不会倒流。",房室瓣
生物,二十三、血液循环系统,"(2)心室与动脉之间有________(在心脏里面，只向动脉开),保证血液从心室→动脉，不会倒流。",动脉瓣
生物,二十三、血液循环系统,4.血液在心脏处的流动方向：______________________________,静脉→心房→心室→动脉
生物,二十三、血液循环系统,(1)________的途径：________→主动脉→各级动脉→全身毛细血管网→各级静脉→上、下腔静脉→_______________(左→右),体循环；左心室；右心房
生物,二十三、血液循环系统,(2)_________的途径：________→肺动脉→肺部毛细血管→肺静脉→________(右→左),肺循环；右心室；左心房
生物,二十三、血液循环系统,"★肺循环和体循环________,在心脏处汇合。",同时进行
生物,二十三、血液循环系统,"5.区别动脉血和静脉血：动脉血：含氧________,颜色________。静脉血：含氧________,颜色________。",丰富；鲜红；较少；暗红
生物,二十三、血液循环系统,★不是所有的动脉都流动脉血，如________里流的是________;,肺动脉；静脉血
生物,二十三、血液循环系统,★不是所有的静脉都流静脉血，如________里流的是________。,肺静脉里；动脉血
生物,二十三、血液循环系统,"6.静脉注射，药物最先到达心脏的_______________,到达病灶至少经过心脏_____次(肺炎除外，经过心脏1次)。氧气最先到达心脏的________,到达组织细胞需经过心脏_次。",右心房；2；左心房；1
生物,二十三、血液循环系统,7.血液流经___________增多，_________减少；,肺氧气；二氧化碳
生物,二十三、血液循环系统,血液流经组织细胞，________、________增多，________、________减少；,二氧化碳、代谢废物；氧气、营养物质
生物,二十三、血液循环系统,血液流经________、________、________增多，________减少；,小肠，二氧化碳；营养物质；氧气
生物,二十三、血液循环系统,血液流经_______________________增多，________________减少。,肾脏，二氧化碳增多，氧气；尿素
生物,二十三、血液循环系统,8.输血原则：大量输血时应以输入________为原则，紧急情况下可输入______________________________,同型血；少量的O型血。O型血是万能输血者；AB型血是万能受血者
生物,二十三、血液循环系统,9.我国提倡_______________的健康公民自愿献血；健康成年人每次献血_______________不会影响健康。一次失血超过1200—1500毫升就会发生生命危险，需要及时输血。,18~55周岁；200—300毫升
生物,二十三、血液循环系统,"10.成分输血(缺什么补什么):大面积烧伤输入________,血流不止输入________,严重贫血输",血浆；血小板；红细胞
生物,二十四、人体内废物的排出,1._______：人体将______________________________等排出体外的过程。,排泄；二氧化碳、尿素，以及多余的水和无机盐
生物,二十四、人体内废物的排出,________：粪便(食物残渣)排出体外的过程,排遗
生物,二十四、人体内废物的排出,2.排泄途径：(1)________________:以________的形式排出_______________________,皮肤(排汗)；汗液；水、无机盐、尿素
生物,二十四、人体内废物的排出,排泄途径：(2)____________:以_______________的形式排出_______________,呼吸系统(呼气)；气体；水、二氧化碳
生物,二十四、人体内废物的排出,排泄途径：(3)____________:以_______________的形式排出_______________(主要),泌尿系统(排尿)；尿液；出水、无机盐、尿素
生物,二十四、人体内废物的排出,3.人体泌尿系统的组成与功能：肾脏(__________)、输尿管(__________)、膀胱(____________________)和尿道(排出尿液)。,形成尿液；输送尿液；暂时贮存尿液；
生物,二十四、人体内废物的排出,4.肾脏的基本单位是_________，它由__________和肾小体构成。肾小体包括________和________。,肾单位；肾小管；肾小球；肾小囊
生物,二十四、人体内废物的排出,5.尿液的形成包括_______________________和______________________________两个过程。,肾小球的过滤作用；肾小管的重吸收作用
生物,二十四、人体内废物的排出,"(1)经过肾小球的过滤作用,过滤_____________和________________,形成________(无大分子蛋白质和血细胞)。",大分子蛋白质和血细胞；原尿
生物,二十四、人体内废物的排出,(2)经过肾小管的重吸收作用：重吸收_______________、大部分水和部分无机盐，形成________(无葡萄糖、蛋白质、血细胞)。,全部葡萄糖；尿液；
生物,二十四、人体内废物的排出,★肾小球、肾小囊和肾小管流出的液体分别是_______________、原尿、尿液。,动脉血
生物,二十四、人体内废物的排出,★.________的形成可能是由于__________________________也可能是由于______________________________________(糖尿≠糖尿病)。,糖尿；胰岛素分泌不足；肾小管重吸收功能发生障碍
生物,二十四、人体内废物的排出,6.尿的排出：肾脏→_____→膀胱→_____→体外,肾脏→输尿管→膀胱→尿道→体外
生物,二十四、人体内废物的排出,"7.排尿的意义：(1)排出__________；
(2)调节体内水和__________的平衡，维持组织细胞的正常生理功能。",废物；无机盐
生物,二十五、人体生命活动的调节,1.________________________:光线→角膜→瞳孔→晶状体→玻璃体→视网膜(物体成像部位，视觉感受器)→视觉神经→大脑皮层视觉中枢(视觉产生的部位)→视觉。(远小近大),视觉的形成
生物,二十五、人体生命活动的调节,"2.__________________调节________曲度可看清远近不同的物体，看________晶状体曲度变小,看________晶状体曲度变大。",睫状体；晶状体；远处；近处
生物,二十五、人体生命活动的调节,3.人们常说的“蓝眼睛”、“黑眼睛”实际上指的是_______________。“白眼珠”指的是_________。,虹膜的颜色；巩膜
生物,二十五、人体生命活动的调节,"4.虹膜中央的小孔为________,在________处，瞳孔变在_________处瞳孔变小；在_____________处瞳孔变大。",虹膜中央的小孔为瞳孔，在明亮处，瞳孔变小在黑暗处，瞳孔变大
生物,二十五、人体生命活动的调节,"5.__________:眼球前后径________或晶状体曲度________,物像落在视网膜的________,可佩戴________矫正。",过长；过大；前方；凹透镜
生物,二十五、人体生命活动的调节,":眼球前后径________或晶状体曲度________,物像落在视网膜的________,可佩戴________矫正。",过短；过小；后方；凸透镜
生物,二十五、人体生命活动的调节,6.听觉的形成：声波→外耳道→________(产生振动)→听小骨→________(听觉感受器)→听觉神经→________→________(听觉形成的部位)→听觉。,鼓膜；耳蜗；大脑皮层；听觉中枢
生物,二十五、人体生命活动的调节,★当遇到巨响时，应___________________，或闭嘴和捂耳朵;目的是保持___________________________,张大嘴，使咽鼓管张开；鼓膜两侧气压平衡
生物,二十五、人体生命活动的调节,7.神经系统是由脑、脊髓以及它们发出的神经组成。神经系统可以分为_______________和______________,中枢神经系统；周围神经系统
生物,二十五、人体生命活动的调节,(1)中枢神经系统由_______和_______组成；脑由_________、__________和__________组成,脑、脊髓；大脑、小脑和脑干
生物,二十五、人体生命活动的调节,"①大脑表面是_______________,是调节人体生理活动的_______________。大脑皮层具有感觉、运动、________等神经中枢。__________________是人类特有的。",大脑皮层；最高级中枢；语言；语言中枢
生物,二十五、人体生命活动的调节,②_______协调运动，保持__________等基本生命活动。,小脑；身体平衡
生物,二十五、人体生命活动的调节,"③脑干(活命中枢)调节_______、_______、血压等基本生命活动
脊髓：有_______和传导的功能",心跳、呼吸、反射
生物,二十五、人体生命活动的调节,(2)周围神经系统由_________和____________组成,脑神经；脊神经
生物,二十五、人体生命活动的调节,"8.神经系统结构和功能的基本单位是________,包括细胞体(有细胞核)和突起(包括树突和轴突)。",神经元
生物,二十五、人体生命活动的调节,9.神经调节的基本方式是_____________，反射的结构基础是______________。,反射；反射弧
生物,二十五、人体生命活动的调节,10.反射弧结构包括感受器→传入神经→__________→传出神经→__________。,感受器→传入神经→神经中枢→传出神经→效应器
生物,二十五、人体生命活动的调节,★反射弧必须完整，_______________。当感受器、传入神经、神经中枢中的任一部分受损，则机体_______________;当传出神经或效应器受损，则机体_______________________。,缺一不可；没感觉，没反应；有感觉，没反应。
生物,二十五、人体生命活动的调节,"11.反射的类型：简单反射(_______________)(生来就有,神经中枢在________,例如膝跳反射、排尿反射等);",非条件反射；脊髓
生物,二十五、人体生命活动的调节,"反射的类型：复杂反射(_______________)(后天形成,神经中枢在_______________)",条件反射，大脑皮层
生物,二十五、人体生命活动的调节,★与_______________有关的反射是_______________的，如谈梅止渴、谈虎色变等。,语言文字；人类特有
生物,二十五、人体生命活动的调节,"12.内分泌腺:________导管，分泌物是激素，直接进入___________________,如胸腺、肾上腺、睾丸、卵巢等。_______________:________导管，分泌物_______________,如唾液腺、汗腺等。",无；毛细血管
生物,二十五、人体生命活动的调节,外分泌腺：___导管，分泌物通过________，如唾液腺、汗腺等。,有;导管传送
生物,二十五、人体生命活动的调节,"13.激素调节(1)垂体:分泌_______________,促进生长和发育；幼年分泌不足会患_______________分泌过多会患,成年分泌过多会患_______________",生长激素；侏儒症；巨人症;肢端肥大症
生物,二十五、人体生命活动的调节,"(2)甲状腺:分泌_______________,可促进身体及_______________发育；幼年分泌过少会患_______________成年分泌过多会患________长期饮食缺碘会患________",甲状腺激素；神经系统；呆小症；甲亢;患地方性甲状腺肿
生物,二十五、人体生命活动的调节,(3)胰岛:分泌_______________调节糖类在体内的吸收、利用、转化等；分泌过少患_______________,胰岛：分泌胰岛素；糖尿病
生物,二十六、人类活动对环境的影响,我国实行计划生育政策。鼓励___________、___________。,晚婚晚育、少生优生
生物,二十六、人类活动对环境的影响,2.酸雨是指pH小于________的雨水，是_______________等酸性气体大量排放造成的，被称为“_______________”。,5.6；二氧化硫；空中死神
生物,二十六、人类活动对环境的影响,3.控制酸雨的根本措施：通过________________________，减少___________________________等污染物排放,净化装置，煤、石油
生物,二十六、人类活动对环境的影响,"4.重金属污染:水和土壤中有_____、______和____等重金属污染物，会通过________累积，危害人类健康。水俣病(汞中毒),痛痛病(镉中毒)",汞、镉和砷；食物链
生物,二十六、人类活动对环境的影响,5.温室效应：由于全球_______________的排放量不断增加，导致地平面气温不断________的现象。,二氧化碳；上升
生物,二十七、动物的主要类群——无脊椎动物,"1.目前已知的动物大约有__________。根据体内__________________,可以将动物分为两大类：_______________和_______________。无脊椎动物约占动物种类总数的95%,脊椎动物占5%。",150万种；有无由脊椎骨组成的脊柱；无脊椎动物；脊椎动物
生物,二十七、动物的主要类群——无脊椎动物,"2.无脊椎动物
(1)腔肠动物门：身体呈_______________体表有_______________、_______________。代表动物：水螅、水母、海葵、海蜇、珊瑚虫等。(两水两海一虫)",辐射对称；刺细胞、有口无肛门
生物,二十七、动物的主要类群——无脊椎动物,★水螅：体壁是由内胚层和外胚层___________构成的。由体壁围成的空腔叫做___________，触手分布着大量的___________，用来御敌和捕食，水螅的生殖方式是___________。,两层细胞；消化腔；刺细胞；出芽生殖
生物,二十七、动物的主要类群——无脊椎动物,"(1)扁形动物门：身体呈_______________背腹_________,_______________。代表动物：涡虫(自由生活);寄生：绦虫、血吸虫、华枝睾吸虫。(涡绦血睾)",两侧对称；扁平；有口无肛门
生物,二十七、动物的主要类群——无脊椎动物,★涡虫：身体由内胚层、中胚层、外胚层_______________构成的。,三层细胞
生物,二十七、动物的主要类群——无脊椎动物,★中间宿主：①华枝睾吸虫：先寄生________等淡水螺，再感染草鱼、鲫鱼等淡水鱼以及虾类。②血吸虫病：由_______引起。③绦虫：猪。,纹沼螺；钉螺
生物,二十七、动物的主要类群——无脊椎动物,"(2)线形动物门：身体细长，呈圆柱形，体表有_______________,_______________。代表动物：寄生：___________、蛲虫、丝虫；___________(自由生活，科研实验动物)。",角质层，有口有肛门；蛔虫；秀丽隐杆线虫
生物,二十七、动物的主要类群——无脊椎动物,★蛔虫适于寄生生活的特点：①__________________②______________________③____________________,①体表有角质层；②消化管简单；③生殖器官发达
生物,二十七、动物的主要类群——无脊椎动物,(3)环节动物门：身体呈圆筒形，由许多彼此_______________组成，靠_______或_______辅助运动。代表动物：蚯蚓、沙蚕、水蛭(蚂蝗)等。,相似的体节；刚毛或疣足
生物,二十七、动物的主要类群——无脊椎动物,"★区别蚯蚓前后的结构：________(靠近环带为前端)。蚯蚓的运动：刚毛+肌肉。蚯蚓的呼吸是_______________,观察实验中用________擦拭体表的目的是________",环带；湿润的体壁；湿棉花；维持正常呼吸
生物,二十七、动物的主要类群——无脊椎动物,"(4)软体动物门：柔软的身体表面有________,大多具有________,运动器官是________。10万种以上，是动物界的_______________。代表动物：缢蛏、扇贝、河蚌、鲍鱼、蜗牛、章鱼、鱿鱼等。",外套膜；贝壳；第二大类群；外套膜
生物,二十七、动物的主要类群——无脊椎动物,★贝壳、珍珠由________分泌。★______的壳(石决明)、乌贼的壳(海螵蛸)和珍珠粉可以入药。,外套膜；鲍鱼
生物,二十七、动物的主要类群——无脊椎动物,(5)节肢动物门：体表有坚韧的_______________身体和附肢都_______。最大的动物类群，有____________万种，代表动物：①蛛形纲：如蜘蛛；②多足纲：如蜈蚣；③甲壳纲：体表有质地较硬的甲，如虾、蟹；,外骨骼；分节；120
生物,二十七、动物的主要类群——无脊椎动物,"④昆虫纲：身体分为______________________________三部分，运动器官________和______生于胸部。3对足、1对触角，一般具有2对翅,如蝗虫、蝴蝶。",头部、胸部、腹部；足和翅
生物,二十七、动物的主要类群——无脊椎动物,★气门：气体进出；气管：__________，__________(在腹部)。,气体交换；呼吸器官
生物,二十七、动物的主要类群——无脊椎动物,★外骨骼的功能______________减少__________________；但是限制生长发育，所以需要定期_______。,保护；体内水分蒸发；蜕皮
生物,二十八、动物的主要类群——脊椎动物,"(1)鱼纲：生活在水中,体表有________覆盖，用________呼吸，通过_______________________________________作用游泳。",鳞片；鳃；尾部和躯干部的摆动以及鳍的协调；
生物,二十八、动物的主要类群——脊椎动物,鱼纲代表动物：四大家鱼(青草鲢鳙)、鲨鱼、中华鲟、______、__________、_______、海龙等。,泥鳅、黄鳝、海马
生物,二十八、动物的主要类群——脊椎动物,★鱼的身体分为________、____________和___________三部分。鱼的体型呈_____型减少阻力;,头部、躯干部和尾部；流线
生物,二十八、动物的主要类群——脊椎动物,鱼的鳞片有________作用；黏液减少_________；侧线______________________。,保护；阻力；感知水流、测定方向
生物,二十八、动物的主要类群——脊椎动物,"鱼用_____游泳(胸鳍、腹鳍、背鳍、_____保持平衡；_____控制前进方向，口和鳃盖________,是在呼吸；鱼鳃呈鲜红色，是因为有丰富的毛细血管。",鳍；臀鳍；尾鳍;口和鳃盖交替张合
生物,二十八、动物的主要类群——脊椎动物,★鱼之所以能够在水中生活的原因：一是________________________________;二是________,能靠游泳来获取食物和防御敌害；二是能在水中呼吸
生物,二十八、动物的主要类群——脊椎动物,★似鱼非鱼：_____、章鱼、墨鱼(软体)；_______(两栖)；鳄鱼、甲鱼(爬行)；_____(哺乳),鱿鱼；娃娃鱼；鲸鱼
生物,二十八、动物的主要类群——脊椎动物,"(2)两栖纲：________生活在________,用________呼吸；成体生活在________上，也可在_______________用________呼吸，可辅助呼吸。代表动物：青蛙、蟾蜍、大鲵(娃娃鱼)、蝾螈。",幼体；水中；鳃；陆地；水中游泳；肺
生物,二十八、动物的主要类群——脊椎动物,★两栖动物的生殖_______离不开水,生殖
生物,二十八、动物的主要类群——脊椎动物,"(3)爬行纲：体表覆盖___________,用________呼吸，在________上产卵，卵表面有_______________代表动物：壁虎、蜥蜴、龟、鳖、鳄鱼等。",角质的鳞片或甲；肺；陆地；坚韧的卵壳
生物,二十八、动物的主要类群——脊椎动物,★爬行动物是_____________________________________________。,真正适应陆地生活的脊椎动物
生物,二十八、动物的主要类群——脊椎动物,"爬行动物适应陆地生活的原因①有________,头可以灵活的转动，便于在陆地上寻找食物和发现敌害。",颈
生物,二十八、动物的主要类群——脊椎动物,爬行动物适应陆地生活的原因②_______________不能跳跃，但能贴地面迅速爬行。,四肢短小
生物,二十八、动物的主要类群——脊椎动物,"爬行动物适应陆地生活的原因③皮肤干燥，表面覆盖_______________________,既可以保护身体又能______________________________.",角质的鳞片或者甲；减少体内水分的蒸发
生物,二十八、动物的主要类群——脊椎动物,"爬行动物适应陆地生活的原因④________,气体交换能力较强，只靠肺的呼吸就能满足在陆地上对氧气的需求。",肺发达
生物,二十八、动物的主要类群——脊椎动物,"爬行动物适应陆地生活的原因⑤卵产在陆地上，受精卵较大，卵内________,并含有一定的水分，卵外还有________保护，使卵能够在陆地环境中发育，因此，爬行动物的生殖和发育可以摆脱对________的依赖",养料多；坚韧的卵壳；水环境
生物,二十八、动物的主要类群——脊椎动物,"(4)鸟纲：体表覆羽,前肢变成____,有喙无齿，有________辅助呼吸。代表动物：家鸽、鸵鸟、企鹅等。",翼，气囊
生物,二十八、动物的主要类群——脊椎动物,"鸟类适于飞行生活的形态结构和生理特点：①体表________,前肢变成________,有利于扇动空气；",覆羽；翼
生物,二十八、动物的主要类群——脊椎动物,"鸟类适于飞行生活的形态结构和生理特点：②身体呈________,有利于__________________；具有发达的龙骨突，增大了胸肌的附着面积。",流线型；减少空气阻力
生物,二十八、动物的主要类群——脊椎动物,"鸟类适于飞行生活的形态结构和生理特点：③骨骼__________，长骨中空,有利于________________;具有发达的________,增大了胸肌的附着面积。",轻薄且坚固；减轻体重；龙骨突
生物,二十八、动物的主要类群——脊椎动物,鸟类适于飞行生活的形态结构和生理特点：④_______________附着在龙骨突上，为飞行提供动力；,胸肌发达
生物,二十八、动物的主要类群——脊椎动物,"鸟类适于飞行生活的形态结构和生理特点：⑤食量大，______________，______________,不储存粪便，有利于减轻体重；",消化能力强；直肠短；
生物,二十八、动物的主要类群——脊椎动物,鸟类适于飞行生活的形态结构和生理特点：⑥________呼吸，提高______________________________;气囊只储存气体不进行____________________；,双重；气体交换的效率；气体交换
生物,二十八、动物的主要类群——脊椎动物,"鸟类适于飞行生活的形态结构和生理特点：⑦心肌发达，_______________,血液输送氧、营养物质的能力强。",血液循环快
生物,二十八、动物的主要类群——脊椎动物,"(5)哺乳纲：体表_______;胎生，哺乳,牙齿有______、_________、________的分化；_______________代表动物：鸭嘴兽、家兔、猫、虎、海豚、鲸鱼等。★门齿——切断食物，犬齿——撕咬食物，臼齿——咀嚼食物。",披毛；门齿、犬齿、臼齿；体内有膈
生物,二十八、动物的主要类群——脊椎动物,"哺乳纲
★门齿——切断食物，犬齿——撕咬食物，臼齿——_______食物。
★胎生、哺乳提高了哺乳动物后代的________。
★________是哺乳动物特有的结构。",咀嚼；成活率；膈
生物,二十八、动物的主要类群——脊椎动物,2.根据体温是否随着环境温度的变化而改变，可将动物分成两类：________________:鸟、哺乳动物；______________:鱼、两栖动物、爬行动物。,恒温动物；变温动物
生物,二十八、动物的主要类群——脊椎动物,3.昆虫是唯一会飞行的________动物，蝙蝠是唯一会飞行的________动物。,无脊椎；哺乳
生物,二十九、动物的运动和行为,1.动物的运动系统组成：①骨、__________、_________另一种说法骨骼(=骨+关节)、肌肉(骨骼肌)★骨是杠杆、________________、_______________,关节、肌肉
生物,二十九、动物的运动和行为,★骨是杠杆、________________、_______________,关节是支点；肌肉是动力
生物,二十九、动物的运动和行为,2.关节包括________(关节头和关节窝)、________、________、________。关节既牢固又灵活。,关节面；关节囊；关节腔；关节软骨
生物,二十九、动物的运动和行为,"关节牢固：________把两骨牢固连接
关节灵活：①关节软骨：减少摩擦，________。②关节腔内的
关节________：减少摩擦",关节囊；缓冲震动；滑液
生物,二十九、动物的运动和行为,"★关节疾病：①____________：关节头从关节窝中脱出；
②____________：关节腔发炎，关节囊病变(关节腔内的滑液由____________分泌)",脱臼；关节炎；关节囊
生物,二十九、动物的运动和行为,3.骨骼肌包括________(中间较粗)和________(两端较细，_____________)<一肉跨两骨>,肌腹；肌腱；绕过关节连在不同的骨上
生物,二十九、动物的运动和行为,"★骨骼肌特性：受到刺激而收缩，但只能收缩牵拉骨，不能推开骨，故与骨连接的肌肉至少要两组。________时，肱________头肌收缩，________肱头肌舒张________;________时，肱________头肌________,肱________头肌_________;直臂提重物，________________;双手自然下垂，_______________",屈肘；肱二头肌收缩，肱三头肌舒张
生物,二十九、动物的运动和行为,伸肘时，肱_______头肌舒张，肱_______头肌收缩；直臂提重物，都____________；双手自然下垂，都____________。,肱二头肌舒张，肱三头肌收缩；收缩；舒张
生物,二十九、动物的运动和行为,4.运动的产生：骨骼肌受到神经传来的兴奋→_____________→骨骼肌牵动骨→_____________→躯体产生运动。,肌肉收缩；骨绕着相应的关节活动
生物,二十九、动物的运动和行为,"★运动并不是仅靠运动系统完成的，还需要_______________________,以及______________________________的配合。",神经系统的调节；呼吸、消化、循环等系统
生物,二十九、动物的运动和行为,(1)按________________:取食行为、防御行为(不同种生物)、攻击行为(同种生物)、繁殖行为等。,行为的功能
生物,二十九、动物的运动和行为,(2)按行为的获得途径：①____________行为和②____________行为。,先天性；学习
生物,二十九、动物的运动和行为,"①先天性行为：_______________,由动物体内的遗传物质所决定的行为。实例：蜜蜂采蜜、蚂蚁作巢、鸟类迁徙、小鸟在池边喂金鱼等。",生来就有的
生物,二十九、动物的运动和行为,②学习行为：在_______________的基础上，通过环境因素的作用，由_______________________而获得的行为。实例：蚯蚓走迷宫，老马识途、大山雀喝牛奶，黑猩猩钓取白蚁等。,遗传因素；生活经验和学习
生物,二十九、动物的运动和行为,"★动物越________,学习能力越_____,“尝试与错误”的_______________。",高等；强；次数越少
生物,二十九、动物的运动和行为,"6.社会行为，群体内部形成_______________成员之间有明确的________,有的还形成________。",一定的组织；分工；等级
生物,二十九、动物的运动和行为,7.动物信息交流的方式：________、________、_______,动作、声音、气味
生物,二十九、动物的运动和行为,"★动物信息交流方式的应用：提取或人工合成蝶蛾类昆虫的_______________,用于诱杀害虫。",性外激素
生物,二十九、动物的运动和行为,8.动物在自然界中的作用：(1)动物对_______________________有着重要的作用；,维持生态平衡
生物,二十九、动物的运动和行为,8.动物在自然界中的作用：(2)动物能________生态系统的_______________;,促进；物质循环
生物,二十九、动物的运动和行为,8.动物在自然界中的作用：(3)动物能帮助植物_________、______________。,传粉、传播种子
生物,二十九、动物的运动和行为,"★区分物质循环和生态平衡
物质循环：侧重________,关键信息在于_",物质；物质的转换
生物,二十九、动物的运动和行为,"区分物质循环和生态平衡生态平衡：
生态平衡侧重________关键信息在于____________________________。",生物；生物数量、种类的变化
生物,二十九、动物的运动和行为,9.仿生：模仿动物的某些结构和功能来发明创造各种________。例如：长颈鹿一抗荷服；蝴蝶一人造卫星控温系统；蝙蝠一雷达；蛋壳一薄壳建筑。,仪器设备
生物,三十、细菌、真菌、病毒,1.菌落：由________细菌或真菌繁殖后形成的肉眼可见的________。,一个；集合体
生物,三十、细菌、真菌、病毒,"2.细菌菌落比较________,表面或_____________或_________________",小；光滑黏稠；粗糙干燥
生物,三十、细菌、真菌、病毒,(1)细菌分类：__________、__________、__________;,球菌、杆菌、螺旋菌
生物,三十、细菌、真菌、病毒,细菌形态分类：_________、__________、___________,球状、杆状、螺旋状
生物,三十、细菌、真菌、病毒,"(2)细菌结构：细菌都具有_______、__________、____________和________________,与动植物细胞结构的主要区别是_________________________________________________________________________________________________________",细胞壁、细胞膜、细胞质和DNA集中区域；
生物,三十、细菌、真菌、病毒,与动植物细胞结构的主要区别是__________属于__________,没有成形的细胞核；原核生物
生物,三十、细菌、真菌、病毒,部分细菌还有特殊结构：________和________。,鞭毛；荚膜
生物,三十、细菌、真菌、病毒,"(3)细菌营养方式：细菌没有叶绿体，_______________,少数自养(如光合细菌、硝化细菌等)。",绝大多数异养
生物,三十、细菌、真菌、病毒,(4)细菌生殖方式是_______________,分裂生殖
生物,三十、细菌、真菌、病毒,★遇不良环境，细胞壁增厚，形成_______________(医疗器械消毒要杀死芽孢)。,休眠体芽孢
生物,三十、细菌、真菌、病毒,★细菌分布广泛相适应的特点：_______________;分裂生殖，__________;不良环境____________。,细菌体积小；繁殖速度快；形成芽孢
生物,三十、细菌、真菌、病毒,"3.真菌菌落比细菌的______,呈_______状、_______状或_________状，呈现不同颜色。",大，呈绒毛状、絮状或蜘蛛网状；
生物,三十、细菌、真菌、病毒,"(1)真菌菌落形态大小：有________的(酵母菌),也有多细胞的(如________等),还有________的(如蘑菇、木耳、灵芝等)。",单细胞；霉菌；大型真菌
生物,三十、细菌、真菌、病毒,"(2)真菌菌落结构：真菌的细胞都有__________、___________、____________和____________,属于_______________",细胞壁、细胞膜、细胞质和细胞核；真核生物
生物,三十、细菌、真菌、病毒,★酵母菌细胞内还有________;多细胞真菌(霉菌、蘑菇)由________(组成。,液泡；菌丝
生物,三十、细菌、真菌、病毒,(3)细菌营养方式：真菌细胞内无叶绿体，________。,异养
生物,三十、细菌、真菌、病毒,(4)细菌生殖方式：主要为_______________(酵母菌还能进行_______________)。注：真菌的颜色是孢子的颜色，不是菌丝的颜色，菌丝是无色透明的。,孢子生殖；
生物,三十、细菌、真菌、病毒,4.细菌、真菌的培养方法：配置培养基→________→________→恒温培养。,高温灭菌；冷种
生物,三十、细菌、真菌、病毒,5.细菌、真菌生存的条件：配置培养基→高温灭菌→冷却、接种→恒温培养________________________________________,适宜的温度、一定的水分、有机物
生物,三十、细菌、真菌、病毒,★.________用自制的显微镜，发现了细菌。,列文虎克
生物,三十、细菌、真菌、病毒,"★.________鹅颈瓶实验，证明细菌不是自然发生的。他还发现了乳酸菌(细菌)、酵母菌(真菌),提出__________________被称“_________________”",巴斯德；巴氏消毒法；微生物学之父
生物,三十、细菌、真菌、病毒,"6.细菌和真菌在自然界中的作用：
(1)作为分解者参与______________:在自然界中，细菌和真菌把动、植物遗体分解成______、____________和________这些物质又能被植物吸收和利用，通过光合作用制造有机物。",物质循环(腐生)；二氧化碳、水，无机盐
生物,三十、细菌、真菌、病毒,(2)引起动植物和人患病(_________):扁桃体炎(链球菌，细菌);足癣、小麦叶锈病(真菌),寄生
生物,三十、细菌、真菌、病毒,(3)与动植物共生(_________):①真菌与藻类植物_________________;②根瘤菌(细菌)与豆科植物植物共生形成根瘤；③肠道内细菌与动物(包括人)共生。,共生形成地衣
生物,三十、细菌、真菌、病毒,7.________________________就是利用生物来防治病虫害。包括以虫治虫、以鸟治虫、以菌治虫。苏云金杆菌(利用其形成的有毒的伴胞晶体)——治松毛虫、玉米螟、棉铃虫、菜青虫等。白僵菌(可使害虫僵化而死)——治松毛虫、玉米螟、大豆食心虫、甘蔗象鼻虫等。,生物防治
生物,三十、细菌、真菌、病毒,"8.人类对细菌和真菌的利用
(1)细菌食品制作：_________(无氧)——酸奶、泡菜；_________(有氧)——醋；
____________________",乳酸菌；醋酸菌
生物,三十、细菌、真菌、病毒,真菌食品制作：_________——酿酒、面包；_________——腐乳、酱油。,酵母菌；霉菌
生物,三十、细菌、真菌、病毒,★面包中的气孔：________产生的二氧化碳气体受热膨胀形成小孔，面包膨大松软。,酵母菌
生物,三十、细菌、真菌、病毒,(2)防止食品腐败的原理：_____________________________________________________,将细菌和真菌杀死或抑制其生长繁殖
生物,三十、细菌、真菌、病毒,食品保存方法：①__________，_____细菌和真菌的生长是__________法(晒制、腌制等),除去水分，抑制；脱水法
生物,三十、细菌、真菌、病毒,食品保存方法：②__________________——冷藏法、冷冻法；③_______________——巴氏消毒法等。,低温抑菌；高温灭菌
生物,三十、细菌、真菌、病毒,"(3)_________的能杀死________的物质，称为________,如青霉素(弗莱明)。",真菌产生；致病细菌；抗生素
生物,三十、细菌、真菌、病毒,(4)将合成________的基因转入大肠杆菌内，进行培养，生产治糖尿病的药物。——________技术。,胰岛素；转基因
生物,三十、细菌、真菌、病毒,(5)________(细菌)(无氧)可以净化污水：沼气的主要成分是________，可燃烧。,甲烷菌；甲烷
生物,三十、细菌、真菌、病毒,9.病毒：(1)病毒学之父：_______________(2)观察仪器：____________。,伊万诺夫斯基；电子显微镜
生物,三十、细菌、真菌、病毒,(3)病毒的种类(根据寄生的细胞不同):_____________、__________________________、_____________________,动物病毒、植物病毒、细菌病毒(也叫作“噬菌体”)
生物,三十、细菌、真菌、病毒,(4)病毒结构：结构简单，没有_______________，仅由_______________和____________________组成。,细胞结构；蛋白质外壳和内部的遗传物质
生物,三十、细菌、真菌、病毒,"(5)病毒营养方式：________,只能寄生在活细胞里，要是离开了活细胞，通常会变成________________。",寄生；结晶体
生物,三十、细菌、真菌、病毒,(6)病毒繁殖：靠自己的遗传物质中的遗传信息，利用寄主细胞内的物质，制造出新的病毒(______________）,自我复制
生物,三十、细菌、真菌、病毒,(7)病毒与人类关系：①有利：制造_______，如乙肝疫苗、流感疫苗等；生物防治和基因工程上的应用等。②有害：使人_______，如艾滋病、乙肝、流感、手足口病、登革热等。,疫苗；基因；患病
生物,三十一、生物多样性,1.生物分类依据(1)植物分类依据：根据植物的________特征，如被子植物的根、茎、叶、花、果实、种子的形态结构，其中____、_____、_____往往作为被子植物分类的重要依据(因为稳定)。,形态结构；花、果实、种子
生物,三十一、生物多样性,★植物类群从简单到复杂的顺序是________植物、________植物、________植物和种子植物。,藻类植物、苔藓植物、蕨类植物
生物,三十一、生物多样性,(2)动物分类依据：_____________________________________________________,形态结构、生理功能、内部构造
生物,三十一、生物多样性,2.分类单位(从大到小):____、____、_____、_____、_____、____、___。基本单位：________,界、门、纲、目、科、属、种；种
生物,三十一、生物多样性,"★界范围_______,包含的生物种类________,亲缘关系________、共同特征________;",最广；最多；最远；最少
生物,三十一、生物多样性,"种范围________包含的生物种类________,亲缘关系________、共同特征________",最小；最少；最近；最多
生物,三十一、生物多样性,3.植物学家________提出科学的生物命名法——双名法:_______________(+命名者姓名)(注意：生物学名：拉丁文，斜体字；命名者：正体),林奈；属名+种加词
生物,三十一、生物多样性,4.生物的多样性包括：____________的多样性、_______________________的多样性、___________________的多样性。,生物种类的多样性、基因的多样性、生态系的多样性
生物,三十一、生物多样性,★生物种类的多样性实质上就是_________的多样性,基因
生物,三十一、生物多样性,"5.生物的多样性面临威胁的原因：①_________，生物栖息环境的破坏和丧失(最重要的原因)
②滥捕乱杀，掠夺式的开发利用；③环境污染；④_________入侵。",滥砍乱伐；外来物种
生物,三十一、生物多样性,★保护生物多样性的根本措施是保护生物的_________，保护________的多样性，保护生物多样性的最有效措施是建立_________,栖息环境；生态系统；自然保护区
生物,三十一、生物多样性,6.保护措施：①建立_________(就地保护);②迁地保护；③建立_________；④完善法律等,自然保护区；种质库
生物,三十一、生物多样性,"★自然保护区是“_________”,是进行科学研究的“天然实验室”,是""活的_________馆”。",天然基因库；自然博物
生物,三十一、生物多样性,7.我国是“______________的故乡”,裸子植物
生物,三十一、生物多样性,★特有的珍稀生物：金丝猴、朱鹮、______(中生代活化石)、______(活化石)、珙桐、藏羚羊。,扬子鳄；银杉
生物,三十二、生物的生殖和发育,1.生殖的分类：(1)有性生殖：____精卵结合，由________发育成新个体。例：种子繁殖、卵生、胎生、________。,有；受精卵；试管婴儿
生物,三十二、生物的生殖和发育,(2)无性生殖：________精卵结合，由________直接产生新个体。例：出芽生殖、孢子生殖、分裂生殖、营养生殖、________。,无；母体；克隆
生物,三十二、生物的生殖和发育,2.植物的生殖有性生殖：________→________→________→形成________。,开花→传粉→受精→果实和种子
生物,三十二、生物的生殖和发育,植物的生殖无性生殖应用：______________________________、压条、分根等。,托插、嫁接、组织培养
生物,三十二、生物的生殖和发育,★扦插切口：__________________；________________________；___________________散失。,上平下斜；去掉大部分叶片；减少水分
生物,三十二、生物的生殖和发育,★嫁接成活的关键：确保接穗与砧木的_______________________。开花结果与接穗相同。,形成层紧密结合
生物,三十二、生物的生殖和发育,★甘薯、葡萄、菊、月季等常用________的方法。,托插
生物,三十二、生物的生殖和发育,苹果、梨、桃等很多________都是利用________来繁育优良品种。,果树；嫁接
生物,三十二、生物的生殖和发育,3.昆虫的生殖和发育：(1)完全变态发育：发育经过卵→________→________→______四个时期。幼虫与成虫形态结构和生活习性差异________。例：家蚕、蜜蜂、蝶、蛾、蝇、蚊。,幼虫→蛹→成虫；很大
生物,三十二、生物的生殖和发育,昆虫的生殖和发育：(2)不完全变态发育：发育经过卵→________→_______三个时期。若虫与成虫形态结构和生活习性差异________。例：蝗虫、蝉、蟋蟀、蝼蛄、螳螂。,卵→若虫→成虫；较小
生物,三十二、生物的生殖和发育,★昆虫的________________:卵生、有性生殖、体内受精,生殖方式
生物,三十二、生物的生殖和发育,4.两栖动物的生殖和发育(1)生殖方式：卵生，有性生殖、________受精。生殖过程：雄蛙鸣叫→抱对→体外受精,体外
生物,三十二、生物的生殖和发育,★雄蛙鸣叫的意义是________;雌雄蛙抱对有利于_______________。,求偶；提高受精率
生物,三十二、生物的生殖和发育,(2)两栖动物发育方式：变态发育发育过程：________→________→_____________→_________。★两栖动物不分完全变态发育或不完全变态发育,受精卵→蝌蚪→幼蛙→成蛙
生物,三十二、生物的生殖和发育,★两栖动物的生殖和发育必须在________进行。水域环境的_______________会影响两栖动物的生殖和发育。,必须在水中；减少和污染
生物,三十二、生物的生殖和发育,5.鸟类的生殖和发育(1)生殖方式：卵生、有性生殖、体内受精、________。,体内受精
生物,三十二、生物的生殖和发育,鸟类的生殖和发育：(2)过程：________、________、筑巢、________、孵卵、育雏,求偶；交配；产卵
生物,三十二、生物的生殖和发育,★鸟类卵细胞(受精后是受精卵)包括：____________；_________________；____________________。,细胞核(胚盘);细胞质(卵黄);细胞膜(卵黄膜)
生物,三十二、生物的生殖和发育,★鸟类卵细胞有保护功能的包括卵壳、卵壳膜、卵白、卵黄膜、系带(固定卵黄);有呼吸功能的是_______(在内外卵壳膜之间);,气室
生物,三十二、生物的生殖和发育,★鸟类卵细胞有营养功能的包括卵白(水分)、_______________________;胚盘是胚胎发育的部位。,卵黄(有机物)
生物,三十三、生物的遗传与变异,1.生物遗传：亲子间的________。例如：种瓜得瓜，种豆得豆。,相似性
生物,三十三、生物的遗传与变异,生物变异：亲子之间、子代个体之间的________。例如：一母生九子，连母十个样。,差异
生物,三十三、生物的遗传与变异,★生物的遗传和变异是通过_______________而实现的。亲代基因通过_______________遗传给子代，并控制子代的性状。,生殖和发育；生殖细胞(精子、卵细胞)
生物,三十三、生物的遗传与变异,2.性状：生物体的______________________________等特征统称为性状。,形态结构、生理和行为
生物,三十三、生物的遗传与变异,相对性状：________生物________性状的________表现形式(可以是多个，如人的血型)。,同种；同一；不同
生物,三十三、生物的遗传与变异,3.转基因超级鼠的培育得出结论：______________________________,基因控制生物的性状
生物,三十三、生物的遗传与变异,"4.细胞核中有_________,染色体由和________组成，________是有遗传效应的DNA片段。",染色体；蛋白质；DNA；基因
生物,三十三、生物的遗传与变异,★位置关系：细胞核>___________>______________>基因。,细胞核>染色体>DNA>基因
生物,三十三、生物的遗传与变异,5.每种生物体细胞内染色体的数目都是一定的。一般情况下，一个染色体含有一个DNA分子，一个DNA分子上有很多个基因，如：人的体细胞中含有46条染色体，包括46个DNA分子，含有数万对基因。★数量关系：______________________________,染色体=DNA<基因
生物,三十三、生物的遗传与变异,★在生物的________中染色体是________存在的，基因也是成对存在的，分别位于成对的染色体上。,体细胞；成对
生物,三十三、生物的遗传与变异,★在生物的_______________中染色体是________存在的，基因也是成单存在的。,生殖细胞；成单
生物,三十三、生物的遗传与变异,6.在形成精子和卵细胞的细胞分裂过程中，染色体都要减少一半，而且不是任意的一半，是每对染色体中各有一条进入精子或卵细胞。(________)保持了亲子代间染色体数目的恒定。,减数分裂
生物,三十三、生物的遗传与变异,"★染色体的数量变化可表示为：______________→________________→__________。人体细胞23对(46条),生殖细胞23条，受精卵23对(46条)",体细胞2n→生殖细胞n→受精
生物,三十三、生物的遗传与变异,7.相对性状有_______________和_______________两种。显性基因控制显性性状，隐性基因控制隐性性状。,显性性状；隐性性状
生物,三十三、生物的遗传与变异,基因用________字母表示，_______________基因用________字母表示。,大写；隐性；小写
生物,三十三、生物的遗传与变异,"8.基因Dd中，显性基因是________,隐性基因是,表现为显性性状的基因组成有_______________,表现为隐性性状的基因组成有_________。",D；d；DD、Dd；dd
生物,三十三、生物的遗传与变异,9.遗传图解：父亲的基因型___________母亲的基因型__________，子代基因型比例为AA:Aa:aa=1:2:1；子代显性性状：隐性性状=3:1,Aa；Aa
生物,三十三、生物的遗传与变异,10.我国婚姻法规定：直系血亲和_____________________________________________________,直系血亲和三代以内的旁系血亲之间禁止结婚
生物,三十三、生物的遗传与变异,禁止近亲结婚原因：近亲结婚会_____________________________________________,增大后代患隐性遗传病的概率
生物,三十三、生物的遗传与变异,"★遗传病：由_______________________而引起或由________控制的疾病，可遗传给后代。
常染色体隐性遗传病：白化病、苯丙酮尿症；
伴X染色体隐性遗传病：红绿色盲、血友病；
显性遗传病：多指、并指、抗维生素D佝偻病等；
染色体变异：21-三体综合征(唐氏综合征)",遗传物质发生变化；致病基因
生物,三十三、生物的遗传与变异,"11.性染色体是指在体细胞中能决定性别的染色体，在人的体细胞中，性染色体有2条。
(1)在体细胞中，染色体成对出现，基因也成对出现，位于成对的染色体上。
人体有22对常染色体和1对性染色体。
女性体细胞中的性染色体为___________,染色体为_______________",性染色体为XX；22对+XX;
生物,三十三、生物的遗传与变异,"男性体细胞中的性染色体为___________,染色体为_______________。",XY；22对+XY
生物,三十三、生物的遗传与变异,"(2)在形成精子或卵细胞时，染色体减少一半，染色体单条存在，基因也单个存在。
卵细胞中的性染色体为______,染色体为_______________
精子中的性染色体为______或______,染色体为_____________","女性体细胞中的性染色体为XX,染色体为22对+XX;
男性体细胞中的性染色体为XY染色体为22对+XY。"
生物,三十三、生物的遗传与变异,★两种精子和卵细胞结合的机会均等→______________________________,生男生女的机会均等
生物,三十三、生物的遗传与变异,★父亲将_____染色体传给儿子，将_____染色体传给女儿。,★父亲只能将Y染色体传给儿子，将X染色体传给女儿。
生物,三十三、生物的遗传与变异,12.变异是普遍存在的。引起变异的原因有基因和环境两方面。,12.变异是普遍存在的。引起变异的原因有基因和环境两方面。
生物,三十三、生物的遗传与变异,根据遗传性分：________的变异：________由外界环境影响引起的的变异：,不遗传；单纯；
生物,三十三、生物的遗传与变异,"根据遗传性分：________的变异：由遗传物质改变引起________、________、________。
根据对生物个体的意义分有利变异：适应环境的有利于生物生存的变异不利变异：不适应环境的不利于生物生存的变异类型",可遗传；基因突变、基因重组、染色体变异
生物,三十三、生物的遗传与变异,"★在农业生产上的应用：培育生物新品种
______育种：高产奶牛(基因重组);杂交育种：高产抗倒伏小麦、杂交水稻(基因重组)
______育种：太空椒可遗传(基因突变);转基因育种：抗虫棉、抗冻番茄(转基因)
______育种：高糖甜菜、无籽西瓜(染色体变异)",人工选择；诱变育种；多倍体育种
生物,三十四、生物的进化,"1.原始生命起源于非生命物质，过程如下：无机物→_________有机物→_________有机物→原始生命。
★米勒的模拟实验证明了原始地球上尽管不能形成原始生命，但能产生构成生物体的有机物(小分子有机物氨基酸等);
能量条件：高温、紫外线、雷电等；
场所：原始大气。",无机物→小分子有机物→大分子有机物→原始生命。
生物,三十四、生物的进化,★原始大气中与现在大气明显的区别是_______________。原始生命诞生于______________。,没有氧气；原始海洋
生物,三十四、生物的进化,2.生物进化的总体趋势：从________到_________，从________到____________，从________到_____________。,从水生到陆生，从简单到复杂，从低等到高等
生物,三十四、生物的进化,3.自然选择：自然界中的生物，通过激烈的生存斗争，适应者_________，不适应者被_________。,适应者生存，不适应者被淘汰
生物,三十四、生物的进化,4._______________进化论：__________________________________________________________________________________________________,"达尔文；过度繁殖(前提),遗传变异(基础)，生存斗争(动力),适者生存(结果)。"
生物,三十四、生物的进化,5.生物进化的原因：生物通过_______________和_______________而不断进化。,遗传、变异和；自然选择
生物,三十五、健康的生活,1.传染病是指由________引起的，能在人与人之间或人与动物之间传播的疾病(特点：传染性和流行性)。,病原体
生物,三十五、健康的生活,病原体是指引起传染的________、________和________等生物。,细菌；病毒；寄生虫
生物,三十五、健康的生活,2.传染病的三个基本环节是_______________、_______________、_______________。,传染源；传播途径、易感人群
生物,三十五、健康的生活,"①传染源：能够散布病原体的_______或________,如患流感的病人、携带禽流感病毒的鸡等。",人或动物
生物,,②传染病传播途径：病原体离开_______到达健康人所经过的途径，如空气传播、饮食传播、生物媒介(蚊蝇)传播等。,传染源
生物,三十五、健康的生活,③传染病易感人群：对某种传染病_______________而容易感染该病的人群。,缺乏免疫力
生物,三十五、健康的生活,"3.预防传染病的三个措施是___________________；_________________________；______________
",控制传染源、切断传播途径、保护易感人群
生物,三十五、健康的生活,"①控制传染源的具体做法：隔离治疗、避免接触他人。
②切断传播途径的做法：对用品场所空气等_______________、_______________________、洗手、杀灭蚊蝇媒介等。
③保护易感人群的做法：接种疫苗、锻炼身体。",消毒杀菌、戴防护用具口罩
生物,三十五、健康的生活,"4.艾滋病(获得性免疫缺陷综合症，简称________)的病原体是艾滋病病毒(人类免疫缺陷病毒，简称),三个传播途径是__________，_________________，________________。",AIDS；HIV；血液传播、母婴传播、性传播
生物,三十五、健康的生活,人体免疫第一道防线是___________和_____________，能__________病原体侵入、________、____异物。,皮肤和黏膜，能阻挡病原体侵入、杀菌、清扫
生物,三十五、健康的生活,人体免疫第二道防线是体液中的__________和_________，能_______、_______和______病菌。,杀菌物质和吞噬细胞，能溶解、吞噬和消化病菌。
生物,三十五、健康的生活,"人体免疫第三道防线是免疫器官(________、淋巴结、________、扁桃体)和免疫细胞(淋巴细胞),能产生抗体。",胸腺；脾脏；淋巴细胞
生物,三十五、健康的生活,★非特异性免疫(先天性免疫):人______________的，对_______________________都有防御作用，包括人体的_______________________,人生来就有的，对多种病原体都有防御作用，包括人体的第一、二道防线
生物,三十五、健康的生活,★特异性免疫(后天性免疫):________形成的，_______________特定的病原体或异物起作用，包括人体的_______________,后天形成的，只针对某一特定的病原体或异物起作用，包括人体的第三道防线
生物,三十五、健康的生活,6.抗原是________成分，抗体(蛋白质)是________成分。移植的器官是抗原，接种的疫苗是抗原。,非己；自已
生物,三十五、健康的生活,★疫苗：通常是用_________________________制成的生物制品。,失活或减毒的病原体
生物,三十五、健康的生活,"免疫的功能：
(1)清除体内衰老，死亡和损伤的细胞。(________)
(2)抵抗抗原的侵入，防止疾病的产生。(________)
(3)监视、识别和清除体内产生的异常细胞(如肿瘤细胞)。(________)
",自身稳定；防御保护；免疫监视
生物,三十五、健康的生活,8.计划免疫：________地进行预防接种。属于特异性免疫。,有计划
生物,三十五、健康的生活,★卡介苗：预防__________:百白破：预防_________________________________,卡介苗预防结核病；百白破预防百日咳、白喉、破伤风
生物,三十五、健康的生活,9.非处方药():不需要医师的处方即可购买。,OTC
生物,三十五、健康的生活,"10.如因溺水、煤气中素、触电而停止呼吸，常用的人工呼吸方法是口对口吹气法，15~20次/分；
如果病人发生心跳骤停，则应立即开始_______________",胸外心脏按压
生物,三十五、健康的生活,如果呼吸、心跳骤停，需要对患者进行_______________(包括__________________和____________________)。,心肺复苏；胸外心脏按压和人工呼吸30:2)
生物,三十五、健康的生活,★心肺复苏顺序：_______________→_____________________→________________________,胸外心脏按压→开放气道→人工呼吸(C→A→B)
生物,三十五、健康的生活,"11.出血和止血：
(1)出血一般有内出血和外出血。内出血是指体内器官的出血，一定要及时去医院救治。
外出血是指体表的出血，在送往医院之前，应该做必要的止血处理。
(2)外出血可分为_______________、_________、___________三种。
a.毛细血管出血最常见，出血时血液呈红色，从伤口渗出或像水珠一样流出。",a.毛细血管出血最常见，出血时血液呈红色，从伤口渗出或像水珠一样流出。
生物,三十五、健康的生活,b.静脉出血时，血液呈暗红色，喷出或者连续不断地从伤口流出。________止血,远心端止血
生物,三十五、健康的生活,c.动脉出血时，血液呈鲜红色，从伤口喷出或随心跳一股一股地涌出。________止血,近心端止血
生物,三十五、健康的生活,★被毒蛇咬伤：按_______________(防止毒液随血液循环流入心脏),近心端
生物,三十五、健康的生活,12.健康是指一种_____________、__________和_______________方面的良好状态，而不仅仅是没有疾病。,身体上、心理上和社会适应
生物,三十五、健康的生活,★心情愉快是青少年心理健康的________。调节情绪的方法：____________、________________、_________________,核心；转移注意力、合理宣泄烦恼、自我安慰
生物,三十五、健康的生活,13.生活方式病(现代文明病):____________、_______________、___________等慢性、非传染性疾病。,恶性肿瘤、心脑血管病、糖尿病
生物,三十五、健康的生活,"14.探究酒精或烟草浸出液对水蚤心率的影响：烟草浸出液对水蚤的心率有________作用。
低浓度酒精对水蚤的心率有________作用；高浓度酒精对水蚤的心率有________作用。","烟草浸出液对水蚤的心率有促进作用。
低浓度酒精对水蚤的心率有促进作用，
高浓度酒精对水蚤的心率有抑制作用。"
生物,三十五、健康的生活,"15.吸烟对人体健康的危害：烟雾中的有害物质尼古丁、焦油进入人体，不仅诱发多种_______系统疾病(如慢性支气管炎),还可呼吸",呼吸
生物,三十五、健康的生活,16.毒品的危害：损害人的神经系统，降低人体________功能，使心肺受损，呼吸麻痹，甚至死亡。,免疫
生物,科学家,1、英国物理学家____________用自制光学显微镜(放大140倍)发现了___________。,罗伯特·虎克；细胞
生物,科学家,2、荷兰人_______________制作了放大200300倍的显微镜，并发现了___________。,列文虎克；细菌
生物,科学家,3、德国生物学家____________和___________创建了_______________,施莱登和施旺；细胞学说
生物,科学家,细胞学说主要观点：______________；_________________；________________________。,动物、植物都是由细胞构成；细胞是生物体结构和功能的基本单位；细胞是生物体
生物,科学家,"4、达尔文提出生物进化是__________的结果,并出版了《______》。",自然选择；《物种起源》
生物,科学家,______、达尔文的进化论、能量转化与守恒定律并列为19世纪自然科学的三大发明。,细胞学说
生物,科学家,5、比利时科学家__________的实验证明水是光合作用的原料但忽略了二氧化碳的作用。(七上121页),海尔蒙特
生物,科学家,6、英国科学家__________的实验说明植物能更新因呼吸变得浑浊的空气。(七上122页),普利斯特利
生物,科学家,7、试管婴儿之父——_____________。(1988年，我国第一个试管婴儿诞生),罗伯特·爱德华兹
生物,科学家,8、英国医生哈维发现了________。,血液循环
生物,科学家,9、奥地利科学家_______________________发现并命名AB0血型。,卡尔·兰德斯坦纳
生物,科学家,10、________第一次用人工方法合成了具有生物活性的蛋白质（________）,王应睐；结晶牛胰岛素
生物,科学家,11、微生物学之父——________,巴斯德
生物,科学家,12、遗传学之父——________,孟德尔
生物,科学家,13、英国细菌学家弗莱明发现了________。,青霉素
生物,科学家,14、俄国科学家_______________发现了了病毒。,伊万诺夫斯基
生物,科学家,15、瑞典植物学家________提出________(属名+种加词)。,林奈；双名法
生物,科学家,16、______模拟实验证明原始地球上无机物可以转变成___________________。,米勒；无机物可以转变成小分子有机物
生物,科学家,"17、__________提取出_____________，可治疗疟疾；
屠呦呦、爱因斯坦、居里夫人、艾伦·图灵齐被称为20世纪最伟大的科学家。",屠呦呦；青蒿素
